class_id,dir
0,ALB/img_05029.jpg
0,ALB/img_03448.jpg
0,ALB/img_05560.jpg
0,ALB/img_06282.jpg
0,ALB/img_03682.jpg
0,ALB/img_00295.jpg
0,ALB/img_07374.jpg
0,ALB/img_03352.jpg
0,ALB/img_07349.jpg
0,ALB/img_04630.jpg
0,ALB/img_07801.jpg
0,ALB/img_00843.jpg
0,ALB/img_02828.jpg
0,ALB/img_05279.jpg
0,ALB/img_07698.jpg
0,ALB/img_07489.jpg
0,ALB/img_07749.jpg
0,ALB/img_01162.jpg
0,ALB/img_05148.jpg
0,ALB/img_06115.jpg
0,ALB/img_03706.jpg
0,ALB/img_03861.jpg
0,ALB/img_04683.jpg
0,ALB/img_05990.jpg
0,ALB/img_00356.jpg
0,ALB/img_03635.jpg
0,ALB/img_00415.jpg
0,ALB/img_01753.jpg
0,ALB/img_01909.jpg
0,ALB/img_01826.jpg
0,ALB/img_06377.jpg
0,ALB/img_07807.jpg
0,ALB/img_05363.jpg
0,ALB/img_01950.jpg
0,ALB/img_05043.jpg
0,ALB/img_06437.jpg
0,ALB/img_03300.jpg
0,ALB/img_04798.jpg
0,ALB/img_05053.jpg
0,ALB/img_03341.jpg
0,ALB/img_02821.jpg
0,ALB/img_05883.jpg
0,ALB/img_01163.jpg
0,ALB/img_06923.jpg
0,ALB/img_04969.jpg
0,ALB/img_05842.jpg
0,ALB/img_04154.jpg
0,ALB/img_02583.jpg
0,ALB/img_02012.jpg
0,ALB/img_07470.jpg
0,ALB/img_05501.jpg
0,ALB/img_01045.jpg
0,ALB/img_07445.jpg
0,ALB/img_04054.jpg
0,ALB/img_00344.jpg
0,ALB/img_03644.jpg
0,ALB/img_04062.jpg
0,ALB/img_05849.jpg
0,ALB/img_00634.jpg
0,ALB/img_07078.jpg
0,ALB/img_00248.jpg
0,ALB/img_02698.jpg
0,ALB/img_00233.jpg
0,ALB/img_07083.jpg
0,ALB/img_02063.jpg
0,ALB/img_03905.jpg
0,ALB/img_01910.jpg
0,ALB/img_02134.jpg
0,ALB/img_03250.jpg
0,ALB/img_03345.jpg
0,ALB/img_05214.jpg
0,ALB/img_02108.jpg
0,ALB/img_04018.jpg
0,ALB/img_07423.jpg
0,ALB/img_04771.jpg
0,ALB/img_04983.jpg
0,ALB/img_00110.jpg
0,ALB/img_06721.jpg
0,ALB/img_02046.jpg
0,ALB/img_07000.jpg
0,ALB/img_01733.jpg
0,ALB/img_04890.jpg
0,ALB/img_01884.jpg
0,ALB/img_05804.jpg
0,ALB/img_04153.jpg
0,ALB/img_05017.jpg
0,ALB/img_03862.jpg
0,ALB/img_07822.jpg
0,ALB/img_03544.jpg
0,ALB/img_03304.jpg
0,ALB/img_06716.jpg
0,ALB/img_04342.jpg
0,ALB/img_04347.jpg
0,ALB/img_05106.jpg
0,ALB/img_07639.jpg
0,ALB/img_00337.jpg
0,ALB/img_02170.jpg
0,ALB/img_02456.jpg
0,ALB/img_07167.jpg
0,ALB/img_06142.jpg
0,ALB/img_06176.jpg
0,ALB/img_03984.jpg
0,ALB/img_05100.jpg
0,ALB/img_01446.jpg
0,ALB/img_07863.jpg
0,ALB/img_06587.jpg
0,ALB/img_07200.jpg
0,ALB/img_05132.jpg
0,ALB/img_05576.jpg
0,ALB/img_01734.jpg
0,ALB/img_03038.jpg
0,ALB/img_07037.jpg
0,ALB/img_02774.jpg
0,ALB/img_07197.jpg
0,ALB/img_05283.jpg
0,ALB/img_06313.jpg
0,ALB/img_05309.jpg
0,ALB/img_06503.jpg
0,ALB/img_02437.jpg
0,ALB/img_04086.jpg
0,ALB/img_03307.jpg
0,ALB/img_07218.jpg
0,ALB/img_02118.jpg
0,ALB/img_07459.jpg
0,ALB/img_03233.jpg
0,ALB/img_04040.jpg
0,ALB/img_02885.jpg
0,ALB/img_05886.jpg
0,ALB/img_07836.jpg
0,ALB/img_02629.jpg
0,ALB/img_05684.jpg
0,ALB/img_02978.jpg
0,ALB/img_01152.jpg
0,ALB/img_03694.jpg
0,ALB/img_00762.jpg
0,ALB/img_04379.jpg
0,ALB/img_05600.jpg
0,ALB/img_04954.jpg
0,ALB/img_05566.jpg
0,ALB/img_06229.jpg
0,ALB/img_01936.jpg
0,ALB/img_02034.jpg
0,ALB/img_07145.jpg
0,ALB/img_02453.jpg
0,ALB/img_02346.jpg
0,ALB/img_04309.jpg
0,ALB/img_04326.jpg
0,ALB/img_01612.jpg
0,ALB/img_06514.jpg
0,ALB/img_07076.jpg
0,ALB/img_07262.jpg
0,ALB/img_04330.jpg
0,ALB/img_03479.jpg
0,ALB/img_05597.jpg
0,ALB/img_02794.jpg
0,ALB/img_03944.jpg
0,ALB/img_05893.jpg
0,ALB/img_07299.jpg
0,ALB/img_00897.jpg
0,ALB/img_07114.jpg
0,ALB/img_05101.jpg
0,ALB/img_01897.jpg
0,ALB/img_04876.jpg
0,ALB/img_06668.jpg
0,ALB/img_00156.jpg
0,ALB/img_00576.jpg
0,ALB/img_00219.jpg
0,ALB/img_07735.jpg
0,ALB/img_02019.jpg
0,ALB/img_05235.jpg
0,ALB/img_02388.jpg
0,ALB/img_00956.jpg
0,ALB/img_00187.jpg
0,ALB/img_02695.jpg
0,ALB/img_02995.jpg
0,ALB/img_02945.jpg
0,ALB/img_01556.jpg
0,ALB/img_01354.jpg
0,ALB/img_04537.jpg
0,ALB/img_07914.jpg
0,ALB/img_07915.jpg
0,ALB/img_07240.jpg
0,ALB/img_07418.jpg
0,ALB/img_07476.jpg
0,ALB/img_07768.jpg
0,ALB/img_05353.jpg
0,ALB/img_00163.jpg
0,ALB/img_03524.jpg
0,ALB/img_05815.jpg
0,ALB/img_02635.jpg
0,ALB/img_00301.jpg
0,ALB/img_00829.jpg
0,ALB/img_07223.jpg
0,ALB/img_04164.jpg
0,ALB/img_01738.jpg
0,ALB/img_07162.jpg
0,ALB/img_00793.jpg
0,ALB/img_07520.jpg
0,ALB/img_02765.jpg
0,ALB/img_06561.jpg
0,ALB/img_00296.jpg
0,ALB/img_07608.jpg
0,ALB/img_05868.jpg
0,ALB/img_02784.jpg
0,ALB/img_06518.jpg
0,ALB/img_01645.jpg
0,ALB/img_06194.jpg
0,ALB/img_07008.jpg
0,ALB/img_06279.jpg
0,ALB/img_06461.jpg
0,ALB/img_03785.jpg
0,ALB/img_01485.jpg
0,ALB/img_03698.jpg
0,ALB/img_04025.jpg
0,ALB/img_00290.jpg
0,ALB/img_03910.jpg
0,ALB/img_01805.jpg
0,ALB/img_06562.jpg
0,ALB/img_02513.jpg
0,ALB/img_07018.jpg
0,ALB/img_05890.jpg
0,ALB/img_04979.jpg
0,ALB/img_04543.jpg
0,ALB/img_05031.jpg
0,ALB/img_06405.jpg
0,ALB/img_06546.jpg
0,ALB/img_03384.jpg
0,ALB/img_03612.jpg
0,ALB/img_05500.jpg
0,ALB/img_03991.jpg
0,ALB/img_03348.jpg
0,ALB/img_06873.jpg
0,ALB/img_01319.jpg
0,ALB/img_06900.jpg
0,ALB/img_00893.jpg
0,ALB/img_07794.jpg
0,ALB/img_00939.jpg
0,ALB/img_06058.jpg
0,ALB/img_04320.jpg
0,ALB/img_05962.jpg
0,ALB/img_05093.jpg
0,ALB/img_07447.jpg
0,ALB/img_02576.jpg
0,ALB/img_00592.jpg
0,ALB/img_06039.jpg
0,ALB/img_07477.jpg
0,ALB/img_02140.jpg
0,ALB/img_03281.jpg
0,ALB/img_01788.jpg
0,ALB/img_06929.jpg
0,ALB/img_02816.jpg
0,ALB/img_03263.jpg
0,ALB/img_07802.jpg
0,ALB/img_07155.jpg
0,ALB/img_07180.jpg
0,ALB/img_01197.jpg
0,ALB/img_01255.jpg
0,ALB/img_01333.jpg
0,ALB/img_01000.jpg
0,ALB/img_01072.jpg
0,ALB/img_04345.jpg
0,ALB/img_00668.jpg
0,ALB/img_01416.jpg
0,ALB/img_02393.jpg
0,ALB/img_00727.jpg
0,ALB/img_00624.jpg
0,ALB/img_06961.jpg
0,ALB/img_00984.jpg
0,ALB/img_04259.jpg
0,ALB/img_01046.jpg
0,ALB/img_07441.jpg
0,ALB/img_03699.jpg
0,ALB/img_05862.jpg
0,ALB/img_04436.jpg
0,ALB/img_07257.jpg
0,ALB/img_01455.jpg
0,ALB/img_00353.jpg
0,ALB/img_01790.jpg
0,ALB/img_03282.jpg
0,ALB/img_07450.jpg
0,ALB/img_01364.jpg
0,ALB/img_06868.jpg
0,ALB/img_01980.jpg
0,ALB/img_04579.jpg
0,ALB/img_01883.jpg
0,ALB/img_00327.jpg
0,ALB/img_02408.jpg
0,ALB/img_04121.jpg
0,ALB/img_00869.jpg
0,ALB/img_05575.jpg
0,ALB/img_04878.jpg
0,ALB/img_02686.jpg
0,ALB/img_07560.jpg
0,ALB/img_07486.jpg
0,ALB/img_01992.jpg
0,ALB/img_05637.jpg
0,ALB/img_02392.jpg
0,ALB/img_03538.jpg
0,ALB/img_00097.jpg
0,ALB/img_06607.jpg
0,ALB/img_06135.jpg
0,ALB/img_07046.jpg
0,ALB/img_00338.jpg
0,ALB/img_05297.jpg
0,ALB/img_04296.jpg
0,ALB/img_04174.jpg
0,ALB/img_06652.jpg
0,ALB/img_02030.jpg
0,ALB/img_06648.jpg
0,ALB/img_00288.jpg
0,ALB/img_05515.jpg
0,ALB/img_07057.jpg
0,ALB/img_04635.jpg
0,ALB/img_01558.jpg
0,ALB/img_07170.jpg
0,ALB/img_02645.jpg
0,ALB/img_04742.jpg
0,ALB/img_00820.jpg
0,ALB/img_05443.jpg
0,ALB/img_06987.jpg
0,ALB/img_04778.jpg
0,ALB/img_01804.jpg
0,ALB/img_06979.jpg
0,ALB/img_07117.jpg
0,ALB/img_02005.jpg
0,ALB/img_00880.jpg
0,ALB/img_01641.jpg
0,ALB/img_05759.jpg
0,ALB/img_02433.jpg
0,ALB/img_02938.jpg
0,ALB/img_06185.jpg
0,ALB/img_01460.jpg
0,ALB/img_03429.jpg
0,ALB/img_03161.jpg
0,ALB/img_01390.jpg
0,ALB/img_00154.jpg
0,ALB/img_02480.jpg
0,ALB/img_05604.jpg
0,ALB/img_03797.jpg
0,ALB/img_04583.jpg
0,ALB/img_01744.jpg
0,ALB/img_07537.jpg
0,ALB/img_07039.jpg
0,ALB/img_02414.jpg
0,ALB/img_05075.jpg
0,ALB/img_00029.jpg
0,ALB/img_02468.jpg
0,ALB/img_01858.jpg
0,ALB/img_03693.jpg
0,ALB/img_01047.jpg
0,ALB/img_04446.jpg
0,ALB/img_01401.jpg
0,ALB/img_07272.jpg
0,ALB/img_05970.jpg
0,ALB/img_07540.jpg
0,ALB/img_03401.jpg
0,ALB/img_01074.jpg
0,ALB/img_00987.jpg
0,ALB/img_06069.jpg
0,ALB/img_01125.jpg
0,ALB/img_02254.jpg
0,ALB/img_02086.jpg
0,ALB/img_07113.jpg
0,ALB/img_02514.jpg
0,ALB/img_07435.jpg
0,ALB/img_04899.jpg
0,ALB/img_07296.jpg
0,ALB/img_02823.jpg
0,ALB/img_02203.jpg
0,ALB/img_00130.jpg
0,ALB/img_07443.jpg
0,ALB/img_01205.jpg
0,ALB/img_05482.jpg
0,ALB/img_07511.jpg
0,ALB/img_00998.jpg
0,ALB/img_06422.jpg
0,ALB/img_00361.jpg
0,ALB/img_04578.jpg
0,ALB/img_06594.jpg
0,ALB/img_00885.jpg
0,ALB/img_05193.jpg
0,ALB/img_07814.jpg
0,ALB/img_03293.jpg
0,ALB/img_07255.jpg
0,ALB/img_04102.jpg
0,ALB/img_07730.jpg
0,ALB/img_07222.jpg
0,ALB/img_06932.jpg
0,ALB/img_07869.jpg
0,ALB/img_07604.jpg
0,ALB/img_04542.jpg
0,ALB/img_00790.jpg
0,ALB/img_01921.jpg
0,ALB/img_00561.jpg
0,ALB/img_03224.jpg
0,ALB/img_04075.jpg
0,ALB/img_06215.jpg
0,ALB/img_04078.jpg
0,ALB/img_06539.jpg
0,ALB/img_04821.jpg
0,ALB/img_01278.jpg
0,ALB/img_02950.jpg
0,ALB/img_02386.jpg
0,ALB/img_00264.jpg
0,ALB/img_06656.jpg
0,ALB/img_06420.jpg
0,ALB/img_00705.jpg
0,ALB/img_03600.jpg
0,ALB/img_04187.jpg
0,ALB/img_06545.jpg
0,ALB/img_03616.jpg
0,ALB/img_05312.jpg
0,ALB/img_01601.jpg
0,ALB/img_01547.jpg
0,ALB/img_01265.jpg
0,ALB/img_05135.jpg
0,ALB/img_05225.jpg
0,ALB/img_01141.jpg
0,ALB/img_05553.jpg
0,ALB/img_00754.jpg
0,ALB/img_02946.jpg
0,ALB/img_06670.jpg
0,ALB/img_02933.jpg
0,ALB/img_03800.jpg
0,ALB/img_03363.jpg
0,ALB/img_03747.jpg
0,ALB/img_00568.jpg
0,ALB/img_03845.jpg
0,ALB/img_07442.jpg
0,ALB/img_07549.jpg
0,ALB/img_02545.jpg
0,ALB/img_07755.jpg
0,ALB/img_05859.jpg
0,ALB/img_00595.jpg
0,ALB/img_03509.jpg
0,ALB/img_00744.jpg
0,ALB/img_00319.jpg
0,ALB/img_01225.jpg
0,ALB/img_02470.jpg
0,ALB/img_03700.jpg
0,ALB/img_07252.jpg
0,ALB/img_00193.jpg
0,ALB/img_06554.jpg
0,ALB/img_01306.jpg
0,ALB/img_02578.jpg
0,ALB/img_01869.jpg
0,ALB/img_07366.jpg
0,ALB/img_03176.jpg
0,ALB/img_04377.jpg
0,ALB/img_00687.jpg
0,ALB/img_05491.jpg
0,ALB/img_06286.jpg
0,ALB/img_01846.jpg
0,ALB/img_04997.jpg
0,ALB/img_02776.jpg
0,ALB/img_00270.jpg
0,ALB/img_05778.jpg
0,ALB/img_03713.jpg
0,ALB/img_00197.jpg
0,ALB/img_01929.jpg
0,ALB/img_04848.jpg
0,ALB/img_02018.jpg
0,ALB/img_03005.jpg
0,ALB/img_00596.jpg
0,ALB/img_01287.jpg
0,ALB/img_04524.jpg
0,ALB/img_06231.jpg
0,ALB/img_04100.jpg
0,ALB/img_06450.jpg
0,ALB/img_00728.jpg
0,ALB/img_01422.jpg
0,ALB/img_00300.jpg
0,ALB/img_01578.jpg
0,ALB/img_03182.jpg
0,ALB/img_06319.jpg
0,ALB/img_07701.jpg
0,ALB/img_04023.jpg
0,ALB/img_03860.jpg
0,ALB/img_06970.jpg
0,ALB/img_04981.jpg
0,ALB/img_04490.jpg
0,ALB/img_06460.jpg
0,ALB/img_00019.jpg
0,ALB/img_05889.jpg
0,ALB/img_00632.jpg
0,ALB/img_00788.jpg
0,ALB/img_01191.jpg
0,ALB/img_07785.jpg
0,ALB/img_03382.jpg
0,ALB/img_07118.jpg
0,ALB/img_03902.jpg
0,ALB/img_01240.jpg
0,ALB/img_04963.jpg
0,ALB/img_04976.jpg
0,ALB/img_06568.jpg
0,ALB/img_04708.jpg
0,ALB/img_07108.jpg
0,ALB/img_03656.jpg
0,ALB/img_01520.jpg
0,ALB/img_07917.jpg
0,ALB/img_00421.jpg
0,ALB/img_01273.jpg
0,ALB/img_04231.jpg
0,ALB/img_07686.jpg
0,ALB/img_07040.jpg
0,ALB/img_03737.jpg
0,ALB/img_02931.jpg
0,ALB/img_00544.jpg
0,ALB/img_06589.jpg
0,ALB/img_00713.jpg
0,ALB/img_02495.jpg
0,ALB/img_01489.jpg
0,ALB/img_06707.jpg
0,ALB/img_05690.jpg
0,ALB/img_00136.jpg
0,ALB/img_05094.jpg
0,ALB/img_00269.jpg
0,ALB/img_00401.jpg
0,ALB/img_06915.jpg
0,ALB/img_05206.jpg
0,ALB/img_00012.jpg
0,ALB/img_02069.jpg
0,ALB/img_02058.jpg
0,ALB/img_02178.jpg
0,ALB/img_03589.jpg
0,ALB/img_03820.jpg
0,ALB/img_05296.jpg
0,ALB/img_05811.jpg
0,ALB/img_01086.jpg
0,ALB/img_05588.jpg
0,ALB/img_04827.jpg
0,ALB/img_06693.jpg
0,ALB/img_00809.jpg
0,ALB/img_01160.jpg
0,ALB/img_06443.jpg
0,ALB/img_02185.jpg
0,ALB/img_00993.jpg
0,ALB/img_03381.jpg
0,ALB/img_07912.jpg
0,ALB/img_01276.jpg
0,ALB/img_03154.jpg
0,ALB/img_01482.jpg
0,ALB/img_03487.jpg
0,ALB/img_06390.jpg
0,ALB/img_04361.jpg
0,ALB/img_05107.jpg
0,ALB/img_07740.jpg
0,ALB/img_03112.jpg
0,ALB/img_03879.jpg
0,ALB/img_06583.jpg
0,ALB/img_01261.jpg
0,ALB/img_03556.jpg
0,ALB/img_07041.jpg
0,ALB/img_00741.jpg
0,ALB/img_07892.jpg
0,ALB/img_05303.jpg
0,ALB/img_02362.jpg
0,ALB/img_00994.jpg
0,ALB/img_02605.jpg
0,ALB/img_00940.jpg
0,ALB/img_03714.jpg
0,ALB/img_03003.jpg
0,ALB/img_07195.jpg
0,ALB/img_05806.jpg
0,ALB/img_05713.jpg
0,ALB/img_00660.jpg
0,ALB/img_04729.jpg
0,ALB/img_02492.jpg
0,ALB/img_00638.jpg
0,ALB/img_06950.jpg
0,ALB/img_01001.jpg
0,ALB/img_06560.jpg
0,ALB/img_06797.jpg
0,ALB/img_03092.jpg
0,ALB/img_00396.jpg
0,ALB/img_02151.jpg
0,ALB/img_07136.jpg
0,ALB/img_06372.jpg
0,ALB/img_07638.jpg
0,ALB/img_01355.jpg
0,ALB/img_01396.jpg
0,ALB/img_03858.jpg
0,ALB/img_06062.jpg
0,ALB/img_04504.jpg
0,ALB/img_07232.jpg
0,ALB/img_05523.jpg
0,ALB/img_07021.jpg
0,ALB/img_00215.jpg
0,ALB/img_06865.jpg
0,ALB/img_05089.jpg
0,ALB/img_02373.jpg
0,ALB/img_04441.jpg
0,ALB/img_02875.jpg
0,ALB/img_02825.jpg
0,ALB/img_07681.jpg
0,ALB/img_05710.jpg
0,ALB/img_07444.jpg
0,ALB/img_07479.jpg
0,ALB/img_07488.jpg
0,ALB/img_04547.jpg
0,ALB/img_01660.jpg
0,ALB/img_05022.jpg
0,ALB/img_04783.jpg
0,ALB/img_01875.jpg
0,ALB/img_00555.jpg
0,ALB/img_03237.jpg
0,ALB/img_03373.jpg
0,ALB/img_02868.jpg
0,ALB/img_03553.jpg
0,ALB/img_05039.jpg
0,ALB/img_02724.jpg
0,ALB/img_00714.jpg
0,ALB/img_00878.jpg
0,ALB/img_04982.jpg
0,ALB/img_07328.jpg
0,ALB/img_02630.jpg
0,ALB/img_05109.jpg
0,ALB/img_06749.jpg
0,ALB/img_07397.jpg
0,ALB/img_04349.jpg
0,ALB/img_03463.jpg
0,ALB/img_05821.jpg
0,ALB/img_05884.jpg
0,ALB/img_00294.jpg
0,ALB/img_01105.jpg
0,ALB/img_03969.jpg
0,ALB/img_00177.jpg
0,ALB/img_01006.jpg
0,ALB/img_02324.jpg
0,ALB/img_02292.jpg
0,ALB/img_05681.jpg
0,ALB/img_06104.jpg
0,ALB/img_02477.jpg
0,ALB/img_05885.jpg
0,ALB/img_04589.jpg
0,ALB/img_07016.jpg
0,ALB/img_02658.jpg
0,ALB/img_00811.jpg
0,ALB/img_07035.jpg
0,ALB/img_03491.jpg
0,ALB/img_05057.jpg
0,ALB/img_01690.jpg
0,ALB/img_03666.jpg
0,ALB/img_00636.jpg
0,ALB/img_02418.jpg
0,ALB/img_01243.jpg
0,ALB/img_03369.jpg
0,ALB/img_07694.jpg
0,ALB/img_01786.jpg
0,ALB/img_06850.jpg
0,ALB/img_03736.jpg
0,ALB/img_00722.jpg
0,ALB/img_00055.jpg
0,ALB/img_05480.jpg
0,ALB/img_07651.jpg
0,ALB/img_04917.jpg
0,ALB/img_06293.jpg
0,ALB/img_04570.jpg
0,ALB/img_00633.jpg
0,ALB/img_07127.jpg
0,ALB/img_04513.jpg
0,ALB/img_02361.jpg
0,ALB/img_06213.jpg
0,ALB/img_01816.jpg
0,ALB/img_07522.jpg
0,ALB/img_04552.jpg
0,ALB/img_01985.jpg
0,ALB/img_07874.jpg
0,ALB/img_01464.jpg
0,ALB/img_06553.jpg
0,ALB/img_00715.jpg
0,ALB/img_05554.jpg
0,ALB/img_03842.jpg
0,ALB/img_04528.jpg
0,ALB/img_03212.jpg
0,ALB/img_05442.jpg
0,ALB/img_07704.jpg
0,ALB/img_07878.jpg
0,ALB/img_02593.jpg
0,ALB/img_07810.jpg
0,ALB/img_01262.jpg
0,ALB/img_01778.jpg
0,ALB/img_05709.jpg
0,ALB/img_03089.jpg
0,ALB/img_00045.jpg
0,ALB/img_04016.jpg
0,ALB/img_04728.jpg
0,ALB/img_00385.jpg
0,ALB/img_02112.jpg
0,ALB/img_02338.jpg
0,ALB/img_07862.jpg
0,ALB/img_07096.jpg
0,ALB/img_04336.jpg
0,ALB/img_07461.jpg
0,ALB/img_04780.jpg
0,ALB/img_01975.jpg
0,ALB/img_07242.jpg
0,ALB/img_03188.jpg
0,ALB/img_00003.jpg
0,ALB/img_02664.jpg
0,ALB/img_04877.jpg
0,ALB/img_00299.jpg
0,ALB/img_01654.jpg
0,ALB/img_02996.jpg
0,ALB/img_04951.jpg
0,ALB/img_03107.jpg
0,ALB/img_07172.jpg
0,ALB/img_04196.jpg
0,ALB/img_02704.jpg
0,ALB/img_07384.jpg
0,ALB/img_03150.jpg
0,ALB/img_00015.jpg
0,ALB/img_01990.jpg
0,ALB/img_00211.jpg
0,ALB/img_07726.jpg
0,ALB/img_04480.jpg
0,ALB/img_00466.jpg
0,ALB/img_02886.jpg
0,ALB/img_01129.jpg
0,ALB/img_05694.jpg
0,ALB/img_04354.jpg
0,ALB/img_02008.jpg
0,ALB/img_04904.jpg
0,ALB/img_05745.jpg
0,ALB/img_02286.jpg
0,ALB/img_05350.jpg
0,ALB/img_01902.jpg
0,ALB/img_04124.jpg
0,ALB/img_01028.jpg
0,ALB/img_01130.jpg
0,ALB/img_06421.jpg
0,ALB/img_06727.jpg
0,ALB/img_00090.jpg
0,ALB/img_00236.jpg
0,ALB/img_03501.jpg
0,ALB/img_01797.jpg
0,ALB/img_01796.jpg
0,ALB/img_05077.jpg
0,ALB/img_03512.jpg
0,ALB/img_02192.jpg
0,ALB/img_01066.jpg
0,ALB/img_00208.jpg
0,ALB/img_02777.jpg
0,ALB/img_02359.jpg
0,ALB/img_06143.jpg
0,ALB/img_00041.jpg
0,ALB/img_05419.jpg
0,ALB/img_02163.jpg
0,ALB/img_02283.jpg
0,ALB/img_00351.jpg
0,ALB/img_00665.jpg
0,ALB/img_04666.jpg
0,ALB/img_04987.jpg
0,ALB/img_00607.jpg
0,ALB/img_07851.jpg
0,ALB/img_01878.jpg
0,ALB/img_06843.jpg
0,ALB/img_00482.jpg
0,ALB/img_03748.jpg
0,ALB/img_01928.jpg
0,ALB/img_07280.jpg
0,ALB/img_01574.jpg
0,ALB/img_05286.jpg
0,ALB/img_06774.jpg
0,ALB/img_02120.jpg
0,ALB/img_05570.jpg
0,ALB/img_00278.jpg
0,ALB/img_04055.jpg
0,ALB/img_05397.jpg
0,ALB/img_06089.jpg
0,ALB/img_01417.jpg
0,ALB/img_01652.jpg
0,ALB/img_00186.jpg
0,ALB/img_06123.jpg
0,ALB/img_01823.jpg
0,ALB/img_00277.jpg
0,ALB/img_05067.jpg
0,ALB/img_05215.jpg
0,ALB/img_05228.jpg
0,ALB/img_00579.jpg
0,ALB/img_04950.jpg
0,ALB/img_06833.jpg
0,ALB/img_07640.jpg
0,ALB/img_06383.jpg
0,ALB/img_06991.jpg
0,ALB/img_00134.jpg
0,ALB/img_03559.jpg
0,ALB/img_07377.jpg
0,ALB/img_05226.jpg
0,ALB/img_05494.jpg
0,ALB/img_04433.jpg
0,ALB/img_00810.jpg
0,ALB/img_01127.jpg
0,ALB/img_01554.jpg
0,ALB/img_01529.jpg
0,ALB/img_01855.jpg
0,ALB/img_07576.jpg
0,ALB/img_06767.jpg
0,ALB/img_04907.jpg
0,ALB/img_02068.jpg
0,ALB/img_00643.jpg
0,ALB/img_07437.jpg
0,ALB/img_02396.jpg
0,ALB/img_03793.jpg
0,ALB/img_05827.jpg
0,ALB/img_00038.jpg
0,ALB/img_07014.jpg
0,ALB/img_01454.jpg
0,ALB/img_07207.jpg
0,ALB/img_04093.jpg
0,ALB/img_04312.jpg
0,ALB/img_03599.jpg
0,ALB/img_03125.jpg
0,ALB/img_02227.jpg
0,ALB/img_03115.jpg
0,ALB/img_07652.jpg
0,ALB/img_07619.jpg
0,ALB/img_07554.jpg
0,ALB/img_07239.jpg
0,ALB/img_05020.jpg
0,ALB/img_02273.jpg
0,ALB/img_03106.jpg
0,ALB/img_06714.jpg
0,ALB/img_02025.jpg
0,ALB/img_06190.jpg
0,ALB/img_05201.jpg
0,ALB/img_01954.jpg
0,ALB/img_04852.jpg
0,ALB/img_05103.jpg
0,ALB/img_00020.jpg
0,ALB/img_03356.jpg
0,ALB/img_06125.jpg
0,ALB/img_07672.jpg
0,ALB/img_02551.jpg
0,ALB/img_05510.jpg
0,ALB/img_03486.jpg
0,ALB/img_04229.jpg
0,ALB/img_06254.jpg
0,ALB/img_03603.jpg
0,ALB/img_01507.jpg
0,ALB/img_03016.jpg
0,ALB/img_05472.jpg
0,ALB/img_05641.jpg
0,ALB/img_05556.jpg
0,ALB/img_01693.jpg
0,ALB/img_05348.jpg
0,ALB/img_02488.jpg
0,ALB/img_00317.jpg
0,ALB/img_00928.jpg
0,ALB/img_01713.jpg
0,ALB/img_00970.jpg
0,ALB/img_00824.jpg
0,ALB/img_04243.jpg
0,ALB/img_03226.jpg
0,ALB/img_05924.jpg
0,ALB/img_07727.jpg
0,ALB/img_03090.jpg
0,ALB/img_06090.jpg
0,ALB/img_05200.jpg
0,ALB/img_05618.jpg
0,ALB/img_02352.jpg
0,ALB/img_05227.jpg
0,ALB/img_06064.jpg
0,ALB/img_01901.jpg
0,ALB/img_01121.jpg
0,ALB/img_01246.jpg
0,ALB/img_02537.jpg
0,ALB/img_06018.jpg
0,ALB/img_05763.jpg
0,ALB/img_05465.jpg
0,ALB/img_07668.jpg
0,ALB/img_00281.jpg
0,ALB/img_05677.jpg
0,ALB/img_01334.jpg
0,ALB/img_07850.jpg
0,ALB/img_05376.jpg
0,ALB/img_07398.jpg
0,ALB/img_01009.jpg
0,ALB/img_03406.jpg
0,ALB/img_01079.jpg
0,ALB/img_04307.jpg
0,ALB/img_01833.jpg
0,ALB/img_07647.jpg
0,ALB/img_02499.jpg
0,ALB/img_03374.jpg
0,ALB/img_04466.jpg
0,ALB/img_02689.jpg
0,ALB/img_07126.jpg
0,ALB/img_05675.jpg
0,ALB/img_03634.jpg
0,ALB/img_01238.jpg
0,ALB/img_01509.jpg
0,ALB/img_03040.jpg
0,ALB/img_02586.jpg
0,ALB/img_07636.jpg
0,ALB/img_02072.jpg
0,ALB/img_01128.jpg
0,ALB/img_02039.jpg
0,ALB/img_06906.jpg
0,ALB/img_01638.jpg
0,ALB/img_06367.jpg
0,ALB/img_05161.jpg
0,ALB/img_00490.jpg
0,ALB/img_01570.jpg
0,ALB/img_04163.jpg
0,ALB/img_07763.jpg
0,ALB/img_04875.jpg
0,ALB/img_02610.jpg
0,ALB/img_04474.jpg
0,ALB/img_05533.jpg
0,ALB/img_04786.jpg
0,ALB/img_07657.jpg
0,ALB/img_03606.jpg
0,ALB/img_07614.jpg
0,ALB/img_00447.jpg
0,ALB/img_07390.jpg
0,ALB/img_04006.jpg
0,ALB/img_05878.jpg
0,ALB/img_03123.jpg
0,ALB/img_01330.jpg
0,ALB/img_03904.jpg
0,ALB/img_00712.jpg
0,ALB/img_01362.jpg
0,ALB/img_01291.jpg
0,ALB/img_06160.jpg
0,ALB/img_00085.jpg
0,ALB/img_07031.jpg
0,ALB/img_04920.jpg
0,ALB/img_01911.jpg
0,ALB/img_05777.jpg
0,ALB/img_01934.jpg
0,ALB/img_07471.jpg
0,ALB/img_05396.jpg
0,ALB/img_00684.jpg
0,ALB/img_05049.jpg
0,ALB/img_03432.jpg
0,ALB/img_03143.jpg
0,ALB/img_07826.jpg
0,ALB/img_04519.jpg
0,ALB/img_02719.jpg
0,ALB/img_01663.jpg
0,ALB/img_07766.jpg
0,ALB/img_00823.jpg
0,ALB/img_04660.jpg
0,ALB/img_03636.jpg
0,ALB/img_04588.jpg
0,ALB/img_01917.jpg
0,ALB/img_07904.jpg
0,ALB/img_03017.jpg
0,ALB/img_06014.jpg
0,ALB/img_01021.jpg
0,ALB/img_05610.jpg
0,ALB/img_02182.jpg
0,ALB/img_01398.jpg
0,ALB/img_03645.jpg
0,ALB/img_07178.jpg
0,ALB/img_00742.jpg
0,ALB/img_03335.jpg
0,ALB/img_07879.jpg
0,ALB/img_03623.jpg
0,ALB/img_01540.jpg
0,ALB/img_02229.jpg
0,ALB/img_05727.jpg
0,ALB/img_02326.jpg
0,ALB/img_05758.jpg
0,ALB/img_01338.jpg
0,ALB/img_01514.jpg
0,ALB/img_01865.jpg
0,ALB/img_03662.jpg
0,ALB/img_01607.jpg
0,ALB/img_05258.jpg
0,ALB/img_02148.jpg
0,ALB/img_07204.jpg
0,ALB/img_06445.jpg
0,ALB/img_06834.jpg
0,ALB/img_04090.jpg
0,ALB/img_03215.jpg
0,ALB/img_01433.jpg
0,ALB/img_07210.jpg
0,ALB/img_02555.jpg
0,ALB/img_05518.jpg
0,ALB/img_01117.jpg
0,ALB/img_04822.jpg
0,ALB/img_02106.jpg
0,ALB/img_01247.jpg
0,ALB/img_00756.jpg
0,ALB/img_03730.jpg
0,ALB/img_07773.jpg
0,ALB/img_00605.jpg
0,ALB/img_06694.jpg
0,ALB/img_01686.jpg
0,ALB/img_01025.jpg
0,ALB/img_07316.jpg
0,ALB/img_05507.jpg
0,ALB/img_02189.jpg
0,ALB/img_01590.jpg
0,ALB/img_03427.jpg
0,ALB/img_07871.jpg
0,ALB/img_00558.jpg
0,ALB/img_06907.jpg
0,ALB/img_02484.jpg
0,ALB/img_05247.jpg
0,ALB/img_03532.jpg
0,ALB/img_00074.jpg
0,ALB/img_06347.jpg
0,ALB/img_02888.jpg
0,ALB/img_02340.jpg
0,ALB/img_04248.jpg
0,ALB/img_05145.jpg
0,ALB/img_06158.jpg
0,ALB/img_06844.jpg
0,ALB/img_06629.jpg
0,ALB/img_01949.jpg
0,ALB/img_04973.jpg
0,ALB/img_01599.jpg
0,ALB/img_03570.jpg
0,ALB/img_07174.jpg
0,ALB/img_03808.jpg
0,ALB/img_06043.jpg
0,ALB/img_01032.jpg
0,ALB/img_06944.jpg
0,ALB/img_07491.jpg
0,ALB/img_01271.jpg
0,ALB/img_03391.jpg
0,ALB/img_06935.jpg
0,ALB/img_04572.jpg
0,ALB/img_06252.jpg
0,ALB/img_07797.jpg
0,ALB/img_06866.jpg
0,ALB/img_02205.jpg
0,ALB/img_02399.jpg
0,ALB/img_03216.jpg
0,ALB/img_07811.jpg
0,ALB/img_06804.jpg
0,ALB/img_03344.jpg
0,ALB/img_03424.jpg
0,ALB/img_07671.jpg
0,ALB/img_06376.jpg
0,ALB/img_02725.jpg
0,ALB/img_06350.jpg
0,ALB/img_04032.jpg
0,ALB/img_05027.jpg
0,ALB/img_05000.jpg
0,ALB/img_06340.jpg
0,ALB/img_02376.jpg
0,ALB/img_03515.jpg
0,ALB/img_01282.jpg
0,ALB/img_06633.jpg
0,ALB/img_03758.jpg
0,ALB/img_02883.jpg
0,ALB/img_01336.jpg
0,ALB/img_01109.jpg
0,ALB/img_00745.jpg
0,ALB/img_05390.jpg
0,ALB/img_05562.jpg
0,ALB/img_03880.jpg
0,ALB/img_04031.jpg
0,ALB/img_01768.jpg
0,ALB/img_00403.jpg
0,ALB/img_02109.jpg
0,ALB/img_03314.jpg
0,ALB/img_07291.jpg
0,ALB/img_06096.jpg
0,ALB/img_07071.jpg
0,ALB/img_07193.jpg
0,ALB/img_02174.jpg
0,ALB/img_02591.jpg
0,ALB/img_03729.jpg
0,ALB/img_05902.jpg
0,ALB/img_00275.jpg
0,ALB/img_02035.jpg
0,ALB/img_04301.jpg
0,ALB/img_04792.jpg
0,ALB/img_02446.jpg
0,ALB/img_02671.jpg
0,ALB/img_06360.jpg
0,ALB/img_00461.jpg
0,ALB/img_01620.jpg
0,ALB/img_05083.jpg
0,ALB/img_07710.jpg
0,ALB/img_05270.jpg
0,ALB/img_02107.jpg
0,ALB/img_01029.jpg
0,ALB/img_03431.jpg
0,ALB/img_07452.jpg
0,ALB/img_00369.jpg
0,ALB/img_07134.jpg
0,ALB/img_01070.jpg
0,ALB/img_02940.jpg
0,ALB/img_07645.jpg
0,ALB/img_01819.jpg
0,ALB/img_02036.jpg
0,ALB/img_03884.jpg
0,ALB/img_06479.jpg
0,ALB/img_01196.jpg
0,ALB/img_07662.jpg
0,ALB/img_01941.jpg
0,ALB/img_01680.jpg
0,ALB/img_03277.jpg
0,ALB/img_05707.jpg
0,ALB/img_07465.jpg
0,ALB/img_04755.jpg
0,ALB/img_07335.jpg
0,ALB/img_03746.jpg
0,ALB/img_02436.jpg
0,ALB/img_03357.jpg
0,ALB/img_03578.jpg
0,ALB/img_03673.jpg
0,ALB/img_06307.jpg
0,ALB/img_03153.jpg
0,ALB/img_07030.jpg
0,ALB/img_03320.jpg
0,ALB/img_00570.jpg
0,ALB/img_02729.jpg
0,ALB/img_06645.jpg
0,ALB/img_07527.jpg
0,ALB/img_07603.jpg
0,ALB/img_03350.jpg
0,ALB/img_03208.jpg
0,ALB/img_03798.jpg
0,ALB/img_02421.jpg
0,ALB/img_01374.jpg
0,ALB/img_06114.jpg
0,ALB/img_00201.jpg
0,ALB/img_05384.jpg
0,ALB/img_01095.jpg
0,ALB/img_06760.jpg
0,ALB/img_00831.jpg
0,ALB/img_03593.jpg
0,ALB/img_06497.jpg
0,ALB/img_02133.jpg
0,ALB/img_07228.jpg
0,ALB/img_03549.jpg
0,ALB/img_03821.jpg
0,ALB/img_05136.jpg
0,ALB/img_01186.jpg
0,ALB/img_05204.jpg
0,ALB/img_02643.jpg
0,ALB/img_00653.jpg
0,ALB/img_04005.jpg
0,ALB/img_06864.jpg
0,ALB/img_04861.jpg
0,ALB/img_07449.jpg
0,ALB/img_01023.jpg
0,ALB/img_06942.jpg
0,ALB/img_07358.jpg
0,ALB/img_03470.jpg
0,ALB/img_05213.jpg
0,ALB/img_00562.jpg
0,ALB/img_01445.jpg
0,ALB/img_02994.jpg
0,ALB/img_03932.jpg
0,ALB/img_01313.jpg
0,ALB/img_03411.jpg
0,ALB/img_01584.jpg
0,ALB/img_05512.jpg
0,ALB/img_05734.jpg
0,ALB/img_04350.jpg
0,ALB/img_02604.jpg
0,ALB/img_02276.jpg
0,ALB/img_05801.jpg
0,ALB/img_02047.jpg
0,ALB/img_04290.jpg
0,ALB/img_03642.jpg
0,ALB/img_00975.jpg
0,ALB/img_00701.jpg
0,ALB/img_04633.jpg
0,ALB/img_00032.jpg
0,ALB/img_02820.jpg
0,ALB/img_01931.jpg
0,ALB/img_05836.jpg
0,ALB/img_04939.jpg
0,ALB/img_06396.jpg
0,ALB/img_01722.jpg
0,ALB/img_01958.jpg
0,ALB/img_02342.jpg
0,ALB/img_06462.jpg
0,ALB/img_00237.jpg
0,ALB/img_01914.jpg
0,ALB/img_06796.jpg
0,ALB/img_03794.jpg
0,ALB/img_01800.jpg
0,ALB/img_06647.jpg
0,ALB/img_05663.jpg
0,ALB/img_07033.jpg
0,ALB/img_00901.jpg
0,ALB/img_07380.jpg
0,ALB/img_07001.jpg
0,ALB/img_06823.jpg
0,ALB/img_01063.jpg
0,ALB/img_02572.jpg
0,ALB/img_01033.jpg
0,ALB/img_05158.jpg
0,ALB/img_02880.jpg
0,ALB/img_01316.jpg
0,ALB/img_03516.jpg
0,ALB/img_00957.jpg
0,ALB/img_07432.jpg
0,ALB/img_01111.jpg
0,ALB/img_04014.jpg
0,ALB/img_04692.jpg
0,ALB/img_05985.jpg
0,ALB/img_02471.jpg
0,ALB/img_07163.jpg
0,ALB/img_01304.jpg
0,ALB/img_05851.jpg
0,ALB/img_07098.jpg
0,ALB/img_03145.jpg
0,ALB/img_04714.jpg
0,ALB/img_00274.jpg
0,ALB/img_05703.jpg
0,ALB/img_03775.jpg
0,ALB/img_07669.jpg
0,ALB/img_02201.jpg
0,ALB/img_05358.jpg
0,ALB/img_07617.jpg
0,ALB/img_00898.jpg
0,ALB/img_06134.jpg
0,ALB/img_01361.jpg
0,ALB/img_07271.jpg
0,ALB/img_00227.jpg
0,ALB/img_03466.jpg
0,ALB/img_04092.jpg
0,ALB/img_03147.jpg
0,ALB/img_01763.jpg
0,ALB/img_03575.jpg
0,ALB/img_01300.jpg
0,ALB/img_06381.jpg
0,ALB/img_04721.jpg
0,ALB/img_04968.jpg
0,ALB/img_04362.jpg
0,ALB/img_06153.jpg
0,ALB/img_00342.jpg
0,ALB/img_01183.jpg
0,ALB/img_03171.jpg
0,ALB/img_04517.jpg
0,ALB/img_02710.jpg
0,ALB/img_01112.jpg
0,ALB/img_05237.jpg
0,ALB/img_01011.jpg
0,ALB/img_05845.jpg
0,ALB/img_04400.jpg
0,ALB/img_03387.jpg
0,ALB/img_03738.jpg
0,ALB/img_02859.jpg
0,ALB/img_01830.jpg
0,ALB/img_02948.jpg
0,ALB/img_05243.jpg
0,ALB/img_06622.jpg
0,ALB/img_03482.jpg
0,ALB/img_06458.jpg
0,ALB/img_01919.jpg
0,ALB/img_06948.jpg
0,ALB/img_02452.jpg
0,ALB/img_07133.jpg
0,ALB/img_00961.jpg
0,ALB/img_00057.jpg
0,ALB/img_04147.jpg
0,ALB/img_00451.jpg
0,ALB/img_06711.jpg
0,ALB/img_03286.jpg
0,ALB/img_06566.jpg
0,ALB/img_00706.jpg
0,ALB/img_03927.jpg
0,ALB/img_03680.jpg
0,ALB/img_00747.jpg
0,ALB/img_03985.jpg
0,ALB/img_02793.jpg
0,ALB/img_00546.jpg
0,ALB/img_07153.jpg
0,ALB/img_02481.jpg
0,ALB/img_07020.jpg
0,ALB/img_02382.jpg
0,ALB/img_01144.jpg
0,ALB/img_00626.jpg
0,ALB/img_00672.jpg
0,ALB/img_04206.jpg
0,ALB/img_03050.jpg
0,ALB/img_01480.jpg
0,ALB/img_02208.jpg
0,ALB/img_03576.jpg
0,ALB/img_06574.jpg
0,ALB/img_03141.jpg
0,ALB/img_01809.jpg
0,ALB/img_03039.jpg
0,ALB/img_05121.jpg
0,ALB/img_06078.jpg
0,ALB/img_03836.jpg
0,ALB/img_02296.jpg
0,ALB/img_05382.jpg
0,ALB/img_02584.jpg
0,ALB/img_06826.jpg
0,ALB/img_02915.jpg
0,ALB/img_06852.jpg
0,ALB/img_02662.jpg
0,ALB/img_03031.jpg
0,ALB/img_02328.jpg
0,ALB/img_03686.jpg
0,ALB/img_03011.jpg
0,ALB/img_05275.jpg
0,ALB/img_00996.jpg
0,ALB/img_07439.jpg
0,ALB/img_00508.jpg
0,ALB/img_03965.jpg
0,ALB/img_05313.jpg
0,ALB/img_04882.jpg
0,ALB/img_04308.jpg
0,ALB/img_01314.jpg
0,ALB/img_01506.jpg
0,ALB/img_04823.jpg
0,ALB/img_05550.jpg
0,ALB/img_02032.jpg
0,ALB/img_06664.jpg
0,ALB/img_04527.jpg
0,ALB/img_00523.jpg
0,ALB/img_01926.jpg
0,ALB/img_04736.jpg
0,ALB/img_02250.jpg
0,ALB/img_01580.jpg
0,ALB/img_04762.jpg
0,ALB/img_04808.jpg
0,ALB/img_05090.jpg
0,ALB/img_04500.jpg
0,ALB/img_05832.jpg
0,ALB/img_04737.jpg
0,ALB/img_02609.jpg
0,ALB/img_06492.jpg
0,ALB/img_05032.jpg
0,ALB/img_03913.jpg
0,ALB/img_07705.jpg
0,ALB/img_06263.jpg
0,ALB/img_02447.jpg
0,ALB/img_05808.jpg
0,ALB/img_01239.jpg
0,ALB/img_02448.jpg
0,ALB/img_01038.jpg
0,ALB/img_06709.jpg
0,ALB/img_03164.jpg
0,ALB/img_06963.jpg
0,ALB/img_00039.jpg
0,ALB/img_04915.jpg
0,ALB/img_06338.jpg
0,ALB/img_06112.jpg
0,ALB/img_03569.jpg
0,ALB/img_04008.jpg
0,ALB/img_03376.jpg
0,ALB/img_07009.jpg
0,ALB/img_05375.jpg
0,ALB/img_07767.jpg
0,ALB/img_04340.jpg
0,ALB/img_02856.jpg
0,ALB/img_00121.jpg
0,ALB/img_05272.jpg
0,ALB/img_07876.jpg
0,ALB/img_00525.jpg
0,ALB/img_02542.jpg
0,ALB/img_04471.jpg
0,ALB/img_06853.jpg
0,ALB/img_00188.jpg
0,ALB/img_01948.jpg
0,ALB/img_01083.jpg
0,ALB/img_06879.jpg
0,ALB/img_03827.jpg
0,ALB/img_04836.jpg
0,ALB/img_01409.jpg
0,ALB/img_06298.jpg
0,ALB/img_00457.jpg
0,ALB/img_00782.jpg
0,ALB/img_03323.jpg
0,ALB/img_07081.jpg
0,ALB/img_06887.jpg
0,ALB/img_06999.jpg
0,ALB/img_07587.jpg
0,ALB/img_00895.jpg
0,ALB/img_02190.jpg
0,ALB/img_06301.jpg
0,ALB/img_06563.jpg
0,ALB/img_07168.jpg
0,ALB/img_05511.jpg
0,ALB/img_06388.jpg
0,ALB/img_07424.jpg
0,ALB/img_02768.jpg
0,ALB/img_06435.jpg
0,ALB/img_03146.jpg
0,ALB/img_06060.jpg
0,ALB/img_00507.jpg
0,ALB/img_03458.jpg
0,ALB/img_07492.jpg
0,ALB/img_00341.jpg
0,ALB/img_06344.jpg
0,ALB/img_03021.jpg
0,ALB/img_04796.jpg
0,ALB/img_03108.jpg
0,ALB/img_07877.jpg
0,ALB/img_02807.jpg
0,ALB/img_05408.jpg
0,ALB/img_04220.jpg
0,ALB/img_07225.jpg
0,ALB/img_06882.jpg
0,ALB/img_05318.jpg
0,ALB/img_02762.jpg
0,ALB/img_06086.jpg
0,ALB/img_07745.jpg
0,ALB/img_03855.jpg
0,ALB/img_01735.jpg
0,ALB/img_06680.jpg
0,ALB/img_05803.jpg
0,ALB/img_03780.jpg
0,ALB/img_02913.jpg
0,ALB/img_07670.jpg
0,ALB/img_01056.jpg
0,ALB/img_01085.jpg
0,ALB/img_02405.jpg
0,ALB/img_02549.jpg
0,ALB/img_05131.jpg
0,ALB/img_06570.jpg
0,ALB/img_02171.jpg
0,ALB/img_01268.jpg
0,ALB/img_01604.jpg
0,ALB/img_04841.jpg
0,ALB/img_03151.jpg
0,ALB/img_07396.jpg
0,ALB/img_07559.jpg
0,ALB/img_03251.jpg
0,ALB/img_05104.jpg
0,ALB/img_06260.jpg
0,ALB/img_05812.jpg
0,ALB/img_06726.jpg
0,ALB/img_03990.jpg
0,ALB/img_07739.jpg
0,ALB/img_07171.jpg
0,ALB/img_00496.jpg
0,ALB/img_05383.jpg
0,ALB/img_03213.jpg
0,ALB/img_04545.jpg
0,ALB/img_03586.jpg
0,ALB/img_04412.jpg
0,ALB/img_06126.jpg
0,ALB/img_07566.jpg
0,ALB/img_06080.jpg
0,ALB/img_00010.jpg
0,ALB/img_04065.jpg
0,ALB/img_07883.jpg
0,ALB/img_02779.jpg
0,ALB/img_00384.jpg
0,ALB/img_07412.jpg
0,ALB/img_04893.jpg
0,ALB/img_03397.jpg
0,ALB/img_06175.jpg
0,ALB/img_04098.jpg
0,ALB/img_05980.jpg
0,ALB/img_02184.jpg
0,ALB/img_04431.jpg
0,ALB/img_02925.jpg
0,ALB/img_05266.jpg
0,ALB/img_02519.jpg
0,ALB/img_02090.jpg
0,ALB/img_03499.jpg
0,ALB/img_03552.jpg
0,ALB/img_06989.jpg
0,ALB/img_07741.jpg
0,ALB/img_06627.jpg
0,ALB/img_05823.jpg
0,ALB/img_03179.jpg
0,ALB/img_06591.jpg
0,ALB/img_04612.jpg
0,ALB/img_00719.jpg
0,ALB/img_00834.jpg
0,ALB/img_05163.jpg
0,ALB/img_06527.jpg
0,ALB/img_04598.jpg
0,ALB/img_01357.jpg
0,ALB/img_05818.jpg
0,ALB/img_06702.jpg
0,ALB/img_00502.jpg
0,ALB/img_04011.jpg
0,ALB/img_07404.jpg
0,ALB/img_01729.jpg
0,ALB/img_03851.jpg
0,ALB/img_07567.jpg
0,ALB/img_07214.jpg
0,ALB/img_05605.jpg
0,ALB/img_01772.jpg
0,ALB/img_06061.jpg
0,ALB/img_01806.jpg
0,ALB/img_01728.jpg
0,ALB/img_03264.jpg
0,ALB/img_03311.jpg
0,ALB/img_04202.jpg
0,ALB/img_06157.jpg
0,ALB/img_01822.jpg
0,ALB/img_05281.jpg
0,ALB/img_07664.jpg
0,ALB/img_05343.jpg
0,ALB/img_00690.jpg
0,ALB/img_05725.jpg
0,ALB/img_02002.jpg
0,ALB/img_04883.jpg
0,ALB/img_07789.jpg
0,ALB/img_01207.jpg
0,ALB/img_04874.jpg
0,ALB/img_04980.jpg
0,ALB/img_06960.jpg
0,ALB/img_02494.jpg
0,ALB/img_04994.jpg
0,ALB/img_02425.jpg
0,ALB/img_07075.jpg
0,ALB/img_01082.jpg
0,ALB/img_07406.jpg
0,ALB/img_06720.jpg
0,ALB/img_02992.jpg
0,ALB/img_03159.jpg
0,ALB/img_00899.jpg
0,ALB/img_02801.jpg
0,ALB/img_02547.jpg
0,ALB/img_07903.jpg
0,ALB/img_02489.jpg
0,ALB/img_05154.jpg
0,ALB/img_07394.jpg
0,ALB/img_01448.jpg
0,ALB/img_04713.jpg
0,ALB/img_03262.jpg
0,ALB/img_00866.jpg
0,ALB/img_04806.jpg
0,ALB/img_05373.jpg
0,ALB/img_01841.jpg
0,ALB/img_00291.jpg
0,ALB/img_00228.jpg
0,ALB/img_02623.jpg
0,ALB/img_06075.jpg
0,ALB/img_03877.jpg
0,ALB/img_02501.jpg
0,ALB/img_07306.jpg
0,ALB/img_04460.jpg
0,ALB/img_02420.jpg
0,ALB/img_03687.jpg
0,ALB/img_03099.jpg
0,ALB/img_06512.jpg
0,ALB/img_01655.jpg
0,ALB/img_00526.jpg
0,ALB/img_04043.jpg
0,ALB/img_06918.jpg
0,ALB/img_01741.jpg
0,ALB/img_06393.jpg
0,ALB/img_06619.jpg
0,ALB/img_05086.jpg
0,ALB/img_06025.jpg
1,BET/img_01218.jpg
1,BET/img_05450.jpg
1,BET/img_00542.jpg
1,BET/img_01725.jpg
1,BET/img_02358.jpg
1,BET/img_01440.jpg
1,BET/img_00379.jpg
1,BET/img_04039.jpg
1,BET/img_05974.jpg
1,BET/img_03371.jpg
1,BET/img_06035.jpg
1,BET/img_03817.jpg
1,BET/img_07378.jpg
1,BET/img_04989.jpg
1,BET/img_00537.jpg
1,BET/img_03051.jpg
1,BET/img_01915.jpg
1,BET/img_07721.jpg
1,BET/img_07734.jpg
1,BET/img_04744.jpg
1,BET/img_06623.jpg
1,BET/img_04463.jpg
1,BET/img_01215.jpg
1,BET/img_01707.jpg
1,BET/img_02696.jpg
1,BET/img_02138.jpg
1,BET/img_05314.jpg
1,BET/img_05797.jpg
1,BET/img_05841.jpg
1,BET/img_01350.jpg
1,BET/img_00732.jpg
1,BET/img_03833.jpg
1,BET/img_00531.jpg
1,BET/img_04672.jpg
1,BET/img_05874.jpg
1,BET/img_00630.jpg
1,BET/img_07059.jpg
1,BET/img_01668.jpg
1,BET/img_06287.jpg
1,BET/img_00107.jpg
1,BET/img_02343.jpg
1,BET/img_05658.jpg
1,BET/img_06983.jpg
1,BET/img_02554.jpg
1,BET/img_00883.jpg
1,BET/img_07518.jpg
1,BET/img_01194.jpg
1,BET/img_06532.jpg
1,BET/img_04670.jpg
1,BET/img_05255.jpg
1,BET/img_07321.jpg
1,BET/img_01351.jpg
1,BET/img_03708.jpg
1,BET/img_05069.jpg
1,BET/img_07164.jpg
1,BET/img_07007.jpg
1,BET/img_02981.jpg
1,BET/img_06453.jpg
1,BET/img_06997.jpg
1,BET/img_03759.jpg
1,BET/img_06827.jpg
1,BET/img_00491.jpg
1,BET/img_04718.jpg
1,BET/img_04931.jpg
1,BET/img_05748.jpg
1,BET/img_01943.jpg
1,BET/img_02115.jpg
1,BET/img_04972.jpg
1,BET/img_00888.jpg
1,BET/img_02196.jpg
1,BET/img_06575.jpg
1,BET/img_00601.jpg
1,BET/img_01234.jpg
1,BET/img_01118.jpg
1,BET/img_03918.jpg
1,BET/img_04185.jpg
1,BET/img_06277.jpg
1,BET/img_05431.jpg
1,BET/img_07015.jpg
1,BET/img_07620.jpg
1,BET/img_06613.jpg
1,BET/img_04304.jpg
1,BET/img_02007.jpg
1,BET/img_00329.jpg
1,BET/img_02139.jpg
1,BET/img_02128.jpg
1,BET/img_04042.jpg
1,BET/img_04568.jpg
1,BET/img_00441.jpg
1,BET/img_06772.jpg
1,BET/img_04327.jpg
1,BET/img_03723.jpg
1,BET/img_01933.jpg
1,BET/img_00259.jpg
1,BET/img_07581.jpg
1,BET/img_04048.jpg
1,BET/img_02195.jpg
1,BET/img_03287.jpg
1,BET/img_01343.jpg
1,BET/img_06862.jpg
1,BET/img_00158.jpg
1,BET/img_02016.jpg
1,BET/img_05728.jpg
1,BET/img_04028.jpg
1,BET/img_04227.jpg
1,BET/img_05402.jpg
1,BET/img_02103.jpg
1,BET/img_07825.jpg
1,BET/img_05262.jpg
1,BET/img_05252.jpg
1,BET/img_00225.jpg
1,BET/img_03347.jpg
1,BET/img_03647.jpg
1,BET/img_06542.jpg
1,BET/img_04033.jpg
1,BET/img_02742.jpg
1,BET/img_01477.jpg
1,BET/img_02967.jpg
1,BET/img_07410.jpg
1,BET/img_05240.jpg
1,BET/img_00923.jpg
1,BET/img_00443.jpg
1,BET/img_01166.jpg
1,BET/img_04464.jpg
1,BET/img_03184.jpg
1,BET/img_05986.jpg
1,BET/img_03813.jpg
1,BET/img_01912.jpg
1,BET/img_04853.jpg
1,BET/img_05736.jpg
1,BET/img_03565.jpg
1,BET/img_02553.jpg
1,BET/img_01264.jpg
1,BET/img_05784.jpg
1,BET/img_07545.jpg
1,BET/img_05344.jpg
1,BET/img_00583.jpg
1,BET/img_04815.jpg
1,BET/img_01299.jpg
1,BET/img_04289.jpg
1,BET/img_06384.jpg
1,BET/img_05616.jpg
1,BET/img_04179.jpg
1,BET/img_06777.jpg
1,BET/img_05796.jpg
1,BET/img_05164.jpg
1,BET/img_00231.jpg
1,BET/img_04914.jpg
1,BET/img_04022.jpg
1,BET/img_01481.jpg
1,BET/img_05351.jpg
1,BET/img_07579.jpg
1,BET/img_03453.jpg
1,BET/img_02206.jpg
1,BET/img_05561.jpg
1,BET/img_04732.jpg
1,BET/img_02969.jpg
1,BET/img_04891.jpg
1,BET/img_07519.jpg
1,BET/img_02097.jpg
1,BET/img_01450.jpg
1,BET/img_03315.jpg
1,BET/img_02757.jpg
1,BET/img_07440.jpg
1,BET/img_01696.jpg
1,BET/img_06776.jpg
1,BET/img_02736.jpg
1,BET/img_05194.jpg
1,BET/img_01002.jpg
1,BET/img_04557.jpg
1,BET/img_04158.jpg
1,BET/img_00363.jpg
1,BET/img_00435.jpg
1,BET/img_02818.jpg
1,BET/img_04938.jpg
1,BET/img_02498.jpg
1,BET/img_05346.jpg
1,BET/img_06867.jpg
1,BET/img_01003.jpg
1,BET/img_00774.jpg
2,DOL/img_04283.jpg
2,DOL/img_05485.jpg
2,DOL/img_05635.jpg
2,DOL/img_02267.jpg
2,DOL/img_02953.jpg
2,DOL/img_05367.jpg
2,DOL/img_06209.jpg
2,DOL/img_02529.jpg
2,DOL/img_03546.jpg
2,DOL/img_05971.jpg
2,DOL/img_02772.jpg
2,DOL/img_01360.jpg
2,DOL/img_01844.jpg
2,DOL/img_00678.jpg
2,DOL/img_00325.jpg
2,DOL/img_03922.jpg
2,DOL/img_07302.jpg
2,DOL/img_07557.jpg
2,DOL/img_01185.jpg
2,DOL/img_01042.jpg
2,DOL/img_06117.jpg
2,DOL/img_03997.jpg
2,DOL/img_02341.jpg
2,DOL/img_00165.jpg
2,DOL/img_07693.jpg
2,DOL/img_01776.jpg
2,DOL/img_01232.jpg
2,DOL/img_00918.jpg
2,DOL/img_05446.jpg
2,DOL/img_00565.jpg
2,DOL/img_02798.jpg
2,DOL/img_06768.jpg
2,DOL/img_06442.jpg
2,DOL/img_04676.jpg
2,DOL/img_05165.jpg
2,DOL/img_01153.jpg
2,DOL/img_06204.jpg
2,DOL/img_06297.jpg
2,DOL/img_00689.jpg
2,DOL/img_05894.jpg
2,DOL/img_01474.jpg
2,DOL/img_05054.jpg
2,DOL/img_02926.jpg
2,DOL/img_00983.jpg
2,DOL/img_06244.jpg
2,DOL/img_07265.jpg
2,DOL/img_01397.jpg
2,DOL/img_04927.jpg
2,DOL/img_01628.jpg
2,DOL/img_00644.jpg
2,DOL/img_03409.jpg
2,DOL/img_05521.jpg
2,DOL/img_04614.jpg
2,DOL/img_02440.jpg
2,DOL/img_02936.jpg
2,DOL/img_02333.jpg
2,DOL/img_01850.jpg
2,DOL/img_05571.jpg
2,DOL/img_03843.jpg
2,DOL/img_05934.jpg
2,DOL/img_00951.jpg
2,DOL/img_02475.jpg
2,DOL/img_06952.jpg
2,DOL/img_04760.jpg
2,DOL/img_03727.jpg
2,DOL/img_00348.jpg
2,DOL/img_06671.jpg
2,DOL/img_05294.jpg
2,DOL/img_02432.jpg
2,DOL/img_04363.jpg
2,DOL/img_04743.jpg
2,DOL/img_07898.jpg
2,DOL/img_01471.jpg
2,DOL/img_00352.jpg
2,DOL/img_01615.jpg
2,DOL/img_01812.jpg
2,DOL/img_00734.jpg
2,DOL/img_01608.jpg
2,DOL/img_02599.jpg
2,DOL/img_03296.jpg
2,DOL/img_07728.jpg
2,DOL/img_01311.jpg
2,DOL/img_02474.jpg
2,DOL/img_04385.jpg
2,DOL/img_01470.jpg
2,DOL/img_05444.jpg
2,DOL/img_01531.jpg
2,DOL/img_05782.jpg
2,DOL/img_01055.jpg
2,DOL/img_02654.jpg
2,DOL/img_02378.jpg
2,DOL/img_05923.jpg
2,DOL/img_06284.jpg
2,DOL/img_06644.jpg
2,DOL/img_01596.jpg
2,DOL/img_05462.jpg
2,DOL/img_01757.jpg
2,DOL/img_02752.jpg
2,DOL/img_06579.jpg
2,DOL/img_03689.jpg
2,DOL/img_06299.jpg
2,DOL/img_02937.jpg
2,DOL/img_07643.jpg
2,DOL/img_02910.jpg
2,DOL/img_00733.jpg
3,LAG/img_04279.jpg
3,LAG/img_07817.jpg
3,LAG/img_01512.jpg
3,LAG/img_05966.jpg
3,LAG/img_01221.jpg
3,LAG/img_06129.jpg
3,LAG/img_07269.jpg
3,LAG/img_06536.jpg
3,LAG/img_04435.jpg
3,LAG/img_03052.jpg
3,LAG/img_05081.jpg
3,LAG/img_04481.jpg
3,LAG/img_00091.jpg
3,LAG/img_01457.jpg
3,LAG/img_02042.jpg
3,LAG/img_07010.jpg
3,LAG/img_04297.jpg
3,LAG/img_03774.jpg
3,LAG/img_05939.jpg
3,LAG/img_07919.jpg
3,LAG/img_00657.jpg
3,LAG/img_05386.jpg
3,LAG/img_00176.jpg
3,LAG/img_04414.jpg
3,LAG/img_02089.jpg
3,LAG/img_03611.jpg
3,LAG/img_02728.jpg
3,LAG/img_00784.jpg
3,LAG/img_01952.jpg
3,LAG/img_05123.jpg
3,LAG/img_07334.jpg
3,LAG/img_05945.jpg
3,LAG/img_01644.jpg
3,LAG/img_01037.jpg
3,LAG/img_04734.jpg
3,LAG/img_07142.jpg
3,LAG/img_06876.jpg
3,LAG/img_06257.jpg
3,LAG/img_07176.jpg
3,LAG/img_04958.jpg
3,LAG/img_02758.jpg
3,LAG/img_06224.jpg
3,LAG/img_07774.jpg
3,LAG/img_04352.jpg
3,LAG/img_02236.jpg
3,LAG/img_05005.jpg
3,LAG/img_02349.jpg
3,LAG/img_02608.jpg
3,LAG/img_06713.jpg
3,LAG/img_04741.jpg
3,LAG/img_03771.jpg
3,LAG/img_04711.jpg
3,LAG/img_07830.jpg
3,LAG/img_05449.jpg
3,LAG/img_04199.jpg
3,LAG/img_01527.jpg
3,LAG/img_03940.jpg
3,LAG/img_04678.jpg
3,LAG/img_02186.jpg
3,LAG/img_06223.jpg
4,NoF/img_04590.jpg
4,NoF/img_05319.jpg
4,NoF/img_04674.jpg
4,NoF/img_06969.jpg
4,NoF/img_00089.jpg
4,NoF/img_00847.jpg
4,NoF/img_04828.jpg
4,NoF/img_02105.jpg
4,NoF/img_07058.jpg
4,NoF/img_03025.jpg
4,NoF/img_00062.jpg
4,NoF/img_02870.jpg
4,NoF/img_01588.jpg
4,NoF/img_05855.jpg
4,NoF/img_06792.jpg
4,NoF/img_04842.jpg
4,NoF/img_01165.jpg
4,NoF/img_06083.jpg
4,NoF/img_07881.jpg
4,NoF/img_07132.jpg
4,NoF/img_06940.jpg
4,NoF/img_03302.jpg
4,NoF/img_03386.jpg
4,NoF/img_03850.jpg
4,NoF/img_03494.jpg
4,NoF/img_03029.jpg
4,NoF/img_07339.jpg
4,NoF/img_03332.jpg
4,NoF/img_02033.jpg
4,NoF/img_03765.jpg
4,NoF/img_07102.jpg
4,NoF/img_05466.jpg
4,NoF/img_03173.jpg
4,NoF/img_05534.jpg
4,NoF/img_02716.jpg
4,NoF/img_07274.jpg
4,NoF/img_04793.jpg
4,NoF/img_03528.jpg
4,NoF/img_04785.jpg
4,NoF/img_02441.jpg
4,NoF/img_03955.jpg
4,NoF/img_02893.jpg
4,NoF/img_06889.jpg
4,NoF/img_05936.jpg
4,NoF/img_01383.jpg
4,NoF/img_06910.jpg
4,NoF/img_07902.jpg
4,NoF/img_00406.jpg
4,NoF/img_00131.jpg
4,NoF/img_06803.jpg
4,NoF/img_01421.jpg
4,NoF/img_07411.jpg
4,NoF/img_04847.jpg
4,NoF/img_07408.jpg
4,NoF/img_04009.jpg
4,NoF/img_00819.jpg
4,NoF/img_00028.jpg
4,NoF/img_00512.jpg
4,NoF/img_07679.jpg
4,NoF/img_04351.jpg
4,NoF/img_07584.jpg
4,NoF/img_04200.jpg
4,NoF/img_04475.jpg
4,NoF/img_01024.jpg
4,NoF/img_05594.jpg
4,NoF/img_00326.jpg
4,NoF/img_03330.jpg
4,NoF/img_06050.jpg
4,NoF/img_06476.jpg
4,NoF/img_01193.jpg
4,NoF/img_07512.jpg
4,NoF/img_00720.jpg
4,NoF/img_06031.jpg
4,NoF/img_00011.jpg
4,NoF/img_06742.jpg
4,NoF/img_03908.jpg
4,NoF/img_07758.jpg
4,NoF/img_07687.jpg
4,NoF/img_01424.jpg
4,NoF/img_02650.jpg
4,NoF/img_00251.jpg
4,NoF/img_06572.jpg
4,NoF/img_00949.jpg
4,NoF/img_04166.jpg
4,NoF/img_03887.jpg
4,NoF/img_06871.jpg
4,NoF/img_00585.jpg
4,NoF/img_02272.jpg
4,NoF/img_00303.jpg
4,NoF/img_00390.jpg
4,NoF/img_00681.jpg
4,NoF/img_05130.jpg
4,NoF/img_02435.jpg
4,NoF/img_03542.jpg
4,NoF/img_04621.jpg
4,NoF/img_05325.jpg
4,NoF/img_01013.jpg
4,NoF/img_01737.jpg
4,NoF/img_06951.jpg
4,NoF/img_00094.jpg
4,NoF/img_02013.jpg
4,NoF/img_05993.jpg
4,NoF/img_05360.jpg
4,NoF/img_07115.jpg
4,NoF/img_02731.jpg
4,NoF/img_00210.jpg
4,NoF/img_01419.jpg
4,NoF/img_01714.jpg
4,NoF/img_05928.jpg
4,NoF/img_01097.jpg
4,NoF/img_06816.jpg
4,NoF/img_05625.jpg
4,NoF/img_03933.jpg
4,NoF/img_03271.jpg
4,NoF/img_04457.jpg
4,NoF/img_02786.jpg
4,NoF/img_01155.jpg
4,NoF/img_03240.jpg
4,NoF/img_07601.jpg
4,NoF/img_06628.jpg
4,NoF/img_00651.jpg
4,NoF/img_02524.jpg
4,NoF/img_03783.jpg
4,NoF/img_00673.jpg
4,NoF/img_03359.jpg
4,NoF/img_04596.jpg
4,NoF/img_01039.jpg
4,NoF/img_00516.jpg
4,NoF/img_03423.jpg
4,NoF/img_03640.jpg
4,NoF/img_02970.jpg
4,NoF/img_00826.jpg
4,NoF/img_02564.jpg
4,NoF/img_01497.jpg
4,NoF/img_05352.jpg
4,NoF/img_01094.jpg
4,NoF/img_00616.jpg
4,NoF/img_05891.jpg
4,NoF/img_04462.jpg
4,NoF/img_06051.jpg
4,NoF/img_00400.jpg
4,NoF/img_00143.jpg
4,NoF/img_00076.jpg
4,NoF/img_07268.jpg
4,NoF/img_03519.jpg
4,NoF/img_00307.jpg
4,NoF/img_03757.jpg
4,NoF/img_05984.jpg
4,NoF/img_00494.jpg
4,NoF/img_02232.jpg
4,NoF/img_05865.jpg
4,NoF/img_02017.jpg
4,NoF/img_06839.jpg
4,NoF/img_07660.jpg
4,NoF/img_02158.jpg
4,NoF/img_03194.jpg
4,NoF/img_01927.jpg
4,NoF/img_06596.jpg
4,NoF/img_00419.jpg
4,NoF/img_00658.jpg
4,NoF/img_06120.jpg
4,NoF/img_05461.jpg
4,NoF/img_06309.jpg
4,NoF/img_04889.jpg
4,NoF/img_04886.jpg
4,NoF/img_03257.jpg
4,NoF/img_00022.jpg
4,NoF/img_02822.jpg
4,NoF/img_04178.jpg
4,NoF/img_01203.jpg
4,NoF/img_04686.jpg
4,NoF/img_01461.jpg
4,NoF/img_01017.jpg
4,NoF/img_00146.jpg
4,NoF/img_00068.jpg
4,NoF/img_06322.jpg
4,NoF/img_06610.jpg
4,NoF/img_01040.jpg
4,NoF/img_01701.jpg
4,NoF/img_07886.jpg
4,NoF/img_03221.jpg
4,NoF/img_03959.jpg
4,NoF/img_05178.jpg
4,NoF/img_01583.jpg
4,NoF/img_05115.jpg
4,NoF/img_01120.jpg
4,NoF/img_00818.jpg
4,NoF/img_04151.jpg
4,NoF/img_04615.jpg
4,NoF/img_02997.jpg
4,NoF/img_01504.jpg
4,NoF/img_03883.jpg
4,NoF/img_02345.jpg
4,NoF/img_02015.jpg
4,NoF/img_02621.jpg
4,NoF/img_03796.jpg
4,NoF/img_06495.jpg
4,NoF/img_05256.jpg
4,NoF/img_02829.jpg
4,NoF/img_01382.jpg
4,NoF/img_02751.jpg
4,NoF/img_01303.jpg
4,NoF/img_02879.jpg
4,NoF/img_00105.jpg
4,NoF/img_00766.jpg
4,NoF/img_07598.jpg
4,NoF/img_07808.jpg
4,NoF/img_06499.jpg
4,NoF/img_03672.jpg
4,NoF/img_00428.jpg
4,NoF/img_01922.jpg
4,NoF/img_03555.jpg
4,NoF/img_02653.jpg
4,NoF/img_02044.jpg
4,NoF/img_01020.jpg
4,NoF/img_07500.jpg
4,NoF/img_03343.jpg
4,NoF/img_07496.jpg
4,NoF/img_03186.jpg
4,NoF/img_02461.jpg
4,NoF/img_03187.jpg
4,NoF/img_01411.jpg
4,NoF/img_06256.jpg
4,NoF/img_04106.jpg
4,NoF/img_06212.jpg
4,NoF/img_01626.jpg
4,NoF/img_05880.jpg
4,NoF/img_00339.jpg
4,NoF/img_04197.jpg
4,NoF/img_07258.jpg
4,NoF/img_07641.jpg
4,NoF/img_03806.jpg
4,NoF/img_05733.jpg
4,NoF/img_03768.jpg
4,NoF/img_01989.jpg
4,NoF/img_07711.jpg
4,NoF/img_07129.jpg
4,NoF/img_04644.jpg
4,NoF/img_04365.jpg
4,NoF/img_04623.jpg
4,NoF/img_03434.jpg
4,NoF/img_06329.jpg
4,NoF/img_01525.jpg
4,NoF/img_01710.jpg
4,NoF/img_06366.jpg
4,NoF/img_07100.jpg
4,NoF/img_07464.jpg
4,NoF/img_01475.jpg
4,NoF/img_01892.jpg
4,NoF/img_04906.jpg
4,NoF/img_00849.jpg
4,NoF/img_01925.jpg
4,NoF/img_07812.jpg
4,NoF/img_00981.jpg
4,NoF/img_05535.jpg
4,NoF/img_06451.jpg
4,NoF/img_00615.jpg
4,NoF/img_00471.jpg
4,NoF/img_00456.jpg
4,NoF/img_07724.jpg
4,NoF/img_00645.jpg
4,NoF/img_04840.jpg
4,NoF/img_07861.jpg
4,NoF/img_07597.jpg
4,NoF/img_02102.jpg
4,NoF/img_05012.jpg
4,NoF/img_04971.jpg
4,NoF/img_01151.jpg
4,NoF/img_07198.jpg
4,NoF/img_06398.jpg
4,NoF/img_05474.jpg
4,NoF/img_04605.jpg
4,NoF/img_00266.jpg
4,NoF/img_05814.jpg
4,NoF/img_03678.jpg
4,NoF/img_04182.jpg
4,NoF/img_03893.jpg
4,NoF/img_02908.jpg
4,NoF/img_02164.jpg
4,NoF/img_01677.jpg
4,NoF/img_06179.jpg
4,NoF/img_05190.jpg
4,NoF/img_00008.jpg
4,NoF/img_05050.jpg
4,NoF/img_06248.jpg
4,NoF/img_04139.jpg
4,NoF/img_03849.jpg
4,NoF/img_03691.jpg
4,NoF/img_04063.jpg
4,NoF/img_06801.jpg
4,NoF/img_07351.jpg
4,NoF/img_05866.jpg
4,NoF/img_00609.jpg
4,NoF/img_04916.jpg
4,NoF/img_03583.jpg
4,NoF/img_04162.jpg
4,NoF/img_02873.jpg
4,NoF/img_00306.jpg
4,NoF/img_05542.jpg
4,NoF/img_05666.jpg
4,NoF/img_06908.jpg
4,NoF/img_07353.jpg
4,NoF/img_02439.jpg
4,NoF/img_05636.jpg
4,NoF/img_05716.jpg
4,NoF/img_04216.jpg
4,NoF/img_00910.jpg
4,NoF/img_07364.jpg
4,NoF/img_06601.jpg
4,NoF/img_00504.jpg
4,NoF/img_03091.jpg
4,NoF/img_06675.jpg
4,NoF/img_00318.jpg
4,NoF/img_04509.jpg
4,NoF/img_04052.jpg
4,NoF/img_01568.jpg
4,NoF/img_02843.jpg
4,NoF/img_07631.jpg
4,NoF/img_06172.jpg
4,NoF/img_00904.jpg
4,NoF/img_02460.jpg
4,NoF/img_04866.jpg
4,NoF/img_00481.jpg
4,NoF/img_03531.jpg
4,NoF/img_04645.jpg
4,NoF/img_07673.jpg
4,NoF/img_02301.jpg
4,NoF/img_01667.jpg
4,NoF/img_03752.jpg
4,NoF/img_01305.jpg
4,NoF/img_04430.jpg
4,NoF/img_01219.jpg
4,NoF/img_02548.jpg
4,NoF/img_06402.jpg
4,NoF/img_02431.jpg
4,NoF/img_03002.jpg
4,NoF/img_01052.jpg
4,NoF/img_03174.jpg
4,NoF/img_06494.jpg
4,NoF/img_07918.jpg
4,NoF/img_00926.jpg
4,NoF/img_00122.jpg
4,NoF/img_03158.jpg
4,NoF/img_00887.jpg
4,NoF/img_04168.jpg
4,NoF/img_03916.jpg
4,NoF/img_06750.jpg
4,NoF/img_04501.jpg
4,NoF/img_01005.jpg
4,NoF/img_06996.jpg
4,NoF/img_05254.jpg
4,NoF/img_03536.jpg
4,NoF/img_06178.jpg
4,NoF/img_02717.jpg
4,NoF/img_01906.jpg
4,NoF/img_00360.jpg
4,NoF/img_05875.jpg
4,NoF/img_04071.jpg
4,NoF/img_03404.jpg
4,NoF/img_02685.jpg
4,NoF/img_03009.jpg
4,NoF/img_03789.jpg
4,NoF/img_01297.jpg
4,NoF/img_06007.jpg
4,NoF/img_04616.jpg
4,NoF/img_00748.jpg
4,NoF/img_04703.jpg
4,NoF/img_05073.jpg
4,NoF/img_03048.jpg
4,NoF/img_05998.jpg
4,NoF/img_06240.jpg
4,NoF/img_07847.jpg
4,NoF/img_02329.jpg
4,NoF/img_02805.jpg
4,NoF/img_07379.jpg
4,NoF/img_05503.jpg
4,NoF/img_01071.jpg
4,NoF/img_04770.jpg
4,NoF/img_03059.jpg
4,NoF/img_04538.jpg
4,NoF/img_02323.jpg
4,NoF/img_01499.jpg
4,NoF/img_01459.jpg
4,NoF/img_05398.jpg
4,NoF/img_06116.jpg
4,NoF/img_01579.jpg
4,NoF/img_02907.jpg
4,NoF/img_02357.jpg
4,NoF/img_06515.jpg
4,NoF/img_00135.jpg
4,NoF/img_00725.jpg
4,NoF/img_05800.jpg
4,NoF/img_00553.jpg
4,NoF/img_06375.jpg
4,NoF/img_04383.jpg
4,NoF/img_04486.jpg
4,NoF/img_03643.jpg
4,NoF/img_03000.jpg
4,NoF/img_04458.jpg
4,NoF/img_00413.jpg
4,NoF/img_06264.jpg
4,NoF/img_07837.jpg
4,NoF/img_03336.jpg
4,NoF/img_03206.jpg
4,NoF/img_07362.jpg
4,NoF/img_01463.jpg
4,NoF/img_02381.jpg
4,NoF/img_03113.jpg
4,NoF/img_07544.jpg
4,NoF/img_04941.jpg
4,NoF/img_03972.jpg
4,NoF/img_03318.jpg
4,NoF/img_05957.jpg
4,NoF/img_01775.jpg
4,NoF/img_03020.jpg
4,NoF/img_03582.jpg
4,NoF/img_00271.jpg
4,NoF/img_02302.jpg
5,OTHER/img_02198.jpg
5,OTHER/img_02395.jpg
5,OTHER/img_06785.jpg
5,OTHER/img_04820.jpg
5,OTHER/img_05834.jpg
5,OTHER/img_06363.jpg
5,OTHER/img_03132.jpg
5,OTHER/img_07483.jpg
5,OTHER/img_02377.jpg
5,OTHER/img_03807.jpg
5,OTHER/img_02407.jpg
5,OTHER/img_01526.jpg
5,OTHER/img_05490.jpg
5,OTHER/img_02773.jpg
5,OTHER/img_03022.jpg
5,OTHER/img_00263.jpg
5,OTHER/img_01814.jpg
5,OTHER/img_00886.jpg
5,OTHER/img_04652.jpg
5,OTHER/img_00574.jpg
5,OTHER/img_06719.jpg
5,OTHER/img_06111.jpg
5,OTHER/img_07840.jpg
5,OTHER/img_07139.jpg
5,OTHER/img_01423.jpg
5,OTHER/img_02419.jpg
5,OTHER/img_02360.jpg
5,OTHER/img_01428.jpg
5,OTHER/img_06044.jpg
5,OTHER/img_07359.jpg
5,OTHER/img_05216.jpg
5,OTHER/img_01656.jpg
5,OTHER/img_06651.jpg
5,OTHER/img_03834.jpg
5,OTHER/img_03646.jpg
5,OTHER/img_07743.jpg
5,OTHER/img_05546.jpg
5,OTHER/img_02942.jpg
5,OTHER/img_03365.jpg
5,OTHER/img_00267.jpg
5,OTHER/img_01559.jpg
5,OTHER/img_02202.jpg
5,OTHER/img_04380.jpg
5,OTHER/img_06877.jpg
5,OTHER/img_00433.jpg
5,OTHER/img_01993.jpg
5,OTHER/img_07405.jpg
5,OTHER/img_04064.jpg
5,OTHER/img_04693.jpg
5,OTHER/img_02792.jpg
5,OTHER/img_04556.jpg
5,OTHER/img_00485.jpg
5,OTHER/img_01044.jpg
5,OTHER/img_01534.jpg
5,OTHER/img_04769.jpg
5,OTHER/img_07839.jpg
5,OTHER/img_05111.jpg
5,OTHER/img_06463.jpg
5,OTHER/img_03308.jpg
5,OTHER/img_04717.jpg
5,OTHER/img_07077.jpg
5,OTHER/img_02802.jpg
5,OTHER/img_07922.jpg
5,OTHER/img_07266.jpg
5,OTHER/img_05895.jpg
5,OTHER/img_06818.jpg
5,OTHER/img_04123.jpg
5,OTHER/img_01692.jpg
5,OTHER/img_05114.jpg
5,OTHER/img_00691.jpg
5,OTHER/img_00851.jpg
5,OTHER/img_04996.jpg
5,OTHER/img_04530.jpg
5,OTHER/img_04434.jpg
5,OTHER/img_04680.jpg
5,OTHER/img_03716.jpg
5,OTHER/img_05133.jpg
5,OTHER/img_02413.jpg
5,OTHER/img_04751.jpg
5,OTHER/img_00781.jpg
5,OTHER/img_03298.jpg
5,OTHER/img_02691.jpg
5,OTHER/img_05155.jpg
5,OTHER/img_06063.jpg
5,OTHER/img_01639.jpg
5,OTHER/img_07365.jpg
5,OTHER/img_02543.jpg
5,OTHER/img_04060.jpg
5,OTHER/img_06382.jpg
5,OTHER/img_03389.jpg
5,OTHER/img_06419.jpg
5,OTHER/img_02084.jpg
5,OTHER/img_05239.jpg
5,OTHER/img_07415.jpg
5,OTHER/img_07305.jpg
5,OTHER/img_07279.jpg
5,OTHER/img_02331.jpg
5,OTHER/img_00434.jpg
5,OTHER/img_04992.jpg
5,OTHER/img_01879.jpg
5,OTHER/img_03049.jpg
5,OTHER/img_02051.jpg
5,OTHER/img_00631.jpg
5,OTHER/img_05345.jpg
5,OTHER/img_04685.jpg
5,OTHER/img_06105.jpg
5,OTHER/img_03076.jpg
5,OTHER/img_02745.jpg
5,OTHER/img_01019.jpg
5,OTHER/img_01400.jpg
5,OTHER/img_03526.jpg
5,OTHER/img_04253.jpg
5,OTHER/img_03191.jpg
5,OTHER/img_02011.jpg
5,OTHER/img_02099.jpg
5,OTHER/img_06028.jpg
5,OTHER/img_05540.jpg
5,OTHER/img_05753.jpg
5,OTHER/img_07916.jpg
5,OTHER/img_00359.jpg
5,OTHER/img_06708.jpg
5,OTHER/img_00698.jpg
5,OTHER/img_00063.jpg
5,OTHER/img_00453.jpg
5,OTHER/img_05912.jpg
5,OTHER/img_04238.jpg
5,OTHER/img_03873.jpg
5,OTHER/img_05092.jpg
5,OTHER/img_06584.jpg
5,OTHER/img_00848.jpg
5,OTHER/img_05954.jpg
5,OTHER/img_00802.jpg
5,OTHER/img_07254.jpg
5,OTHER/img_00305.jpg
5,OTHER/img_07451.jpg
5,OTHER/img_00862.jpg
5,OTHER/img_01807.jpg
5,OTHER/img_03066.jpg
5,OTHER/img_02528.jpg
5,OTHER/img_04495.jpg
5,OTHER/img_04072.jpg
5,OTHER/img_00183.jpg
5,OTHER/img_01648.jpg
5,OTHER/img_02031.jpg
5,OTHER/img_01982.jpg
5,OTHER/img_01418.jpg
5,OTHER/img_03246.jpg
5,OTHER/img_01451.jpg
5,OTHER/img_00472.jpg
5,OTHER/img_06155.jpg
5,OTHER/img_01678.jpg
5,OTHER/img_00412.jpg
5,OTHER/img_07042.jpg
5,OTHER/img_05607.jpg
5,OTHER/img_06878.jpg
5,OTHER/img_04371.jpg
5,OTHER/img_02541.jpg
5,OTHER/img_01452.jpg
5,OTHER/img_00368.jpg
5,OTHER/img_02715.jpg
5,OTHER/img_04873.jpg
5,OTHER/img_02680.jpg
5,OTHER/img_03572.jpg
5,OTHER/img_07627.jpg
5,OTHER/img_04012.jpg
5,OTHER/img_07779.jpg
5,OTHER/img_00397.jpg
5,OTHER/img_00262.jpg
5,OTHER/img_04851.jpg
5,OTHER/img_07399.jpg
5,OTHER/img_04967.jpg
5,OTHER/img_04448.jpg
5,OTHER/img_04494.jpg
5,OTHER/img_04592.jpg
5,OTHER/img_01957.jpg
5,OTHER/img_00721.jpg
5,OTHER/img_02874.jpg
5,OTHER/img_04779.jpg
5,OTHER/img_03841.jpg
5,OTHER/img_04484.jpg
5,OTHER/img_07227.jpg
5,OTHER/img_00908.jpg
5,OTHER/img_03267.jpg
5,OTHER/img_06740.jpg
5,OTHER/img_07457.jpg
5,OTHER/img_04548.jpg
5,OTHER/img_03530.jpg
5,OTHER/img_04057.jpg
5,OTHER/img_05223.jpg
5,OTHER/img_03979.jpg
5,OTHER/img_06699.jpg
5,OTHER/img_06005.jpg
5,OTHER/img_06149.jpg
5,OTHER/img_05943.jpg
5,OTHER/img_06136.jpg
5,OTHER/img_05082.jpg
5,OTHER/img_06133.jpg
5,OTHER/img_07751.jpg
5,OTHER/img_03742.jpg
5,OTHER/img_00226.jpg
5,OTHER/img_05689.jpg
5,OTHER/img_07570.jpg
5,OTHER/img_07546.jpg
5,OTHER/img_02177.jpg
5,OTHER/img_04565.jpg
5,OTHER/img_04948.jpg
5,OTHER/img_05009.jpg
5,OTHER/img_04966.jpg
5,OTHER/img_07073.jpg
5,OTHER/img_06087.jpg
5,OTHER/img_03383.jpg
5,OTHER/img_02353.jpg
5,OTHER/img_01175.jpg
5,OTHER/img_00332.jpg
5,OTHER/img_02955.jpg
5,OTHER/img_07806.jpg
5,OTHER/img_04826.jpg
5,OTHER/img_01871.jpg
5,OTHER/img_00589.jpg
5,OTHER/img_05112.jpg
5,OTHER/img_05070.jpg
5,OTHER/img_06199.jpg
5,OTHER/img_00821.jpg
5,OTHER/img_02160.jpg
5,OTHER/img_06766.jpg
5,OTHER/img_04617.jpg
5,OTHER/img_03975.jpg
5,OTHER/img_07503.jpg
5,OTHER/img_02959.jpg
5,OTHER/img_04988.jpg
5,OTHER/img_07536.jpg
5,OTHER/img_05645.jpg
5,OTHER/img_01425.jpg
5,OTHER/img_07220.jpg
5,OTHER/img_05425.jpg
5,OTHER/img_01664.jpg
5,OTHER/img_06239.jpg
5,OTHER/img_04880.jpg
5,OTHER/img_06578.jpg
5,OTHER/img_03772.jpg
5,OTHER/img_05310.jpg
5,OTHER/img_06700.jpg
5,OTHER/img_00261.jpg
5,OTHER/img_01483.jpg
5,OTHER/img_03917.jpg
5,OTHER/img_03243.jpg
5,OTHER/img_03133.jpg
5,OTHER/img_05715.jpg
5,OTHER/img_04928.jpg
5,OTHER/img_05141.jpg
5,OTHER/img_02831.jpg
5,OTHER/img_06070.jpg
5,OTHER/img_05274.jpg
5,OTHER/img_07547.jpg
5,OTHER/img_05704.jpg
5,OTHER/img_01327.jpg
5,OTHER/img_04150.jpg
5,OTHER/img_06706.jpg
5,OTHER/img_03395.jpg
5,OTHER/img_01349.jpg
5,OTHER/img_05598.jpg
5,OTHER/img_02760.jpg
5,OTHER/img_05711.jpg
5,OTHER/img_06093.jpg
5,OTHER/img_05287.jpg
5,OTHER/img_05751.jpg
5,OTHER/img_04391.jpg
5,OTHER/img_00639.jpg
5,OTHER/img_02595.jpg
6,SHARK/img_02259.jpg
6,SHARK/img_01298.jpg
6,SHARK/img_04791.jpg
6,SHARK/img_04359.jpg
6,SHARK/img_05257.jpg
6,SHARK/img_06118.jpg
6,SHARK/img_06467.jpg
6,SHARK/img_01324.jpg
6,SHARK/img_07484.jpg
6,SHARK/img_03305.jpg
6,SHARK/img_01759.jpg
6,SHARK/img_04535.jpg
6,SHARK/img_02558.jpg
6,SHARK/img_05399.jpg
6,SHARK/img_07857.jpg
6,SHARK/img_07414.jpg
6,SHARK/img_06786.jpg
6,SHARK/img_07282.jpg
6,SHARK/img_03507.jpg
6,SHARK/img_03971.jpg
6,SHARK/img_06013.jpg
6,SHARK/img_06595.jpg
6,SHARK/img_05762.jpg
6,SHARK/img_04854.jpg
6,SHARK/img_01881.jpg
6,SHARK/img_05464.jpg
6,SHARK/img_01307.jpg
6,SHARK/img_04245.jpg
6,SHARK/img_07392.jpg
6,SHARK/img_04131.jpg
6,SHARK/img_05532.jpg
6,SHARK/img_06677.jpg
6,SHARK/img_01820.jpg
6,SHARK/img_02744.jpg
6,SHARK/img_01182.jpg
6,SHARK/img_05366.jpg
6,SHARK/img_04343.jpg
6,SHARK/img_04819.jpg
6,SHARK/img_01795.jpg
6,SHARK/img_05019.jpg
6,SHARK/img_02176.jpg
6,SHARK/img_03117.jpg
6,SHARK/img_02114.jpg
6,SHARK/img_00245.jpg
6,SHARK/img_00685.jpg
6,SHARK/img_03770.jpg
6,SHARK/img_07841.jpg
6,SHARK/img_00600.jpg
6,SHARK/img_00072.jpg
6,SHARK/img_06523.jpg
6,SHARK/img_02944.jpg
6,SHARK/img_07556.jpg
6,SHARK/img_03131.jpg
6,SHARK/img_01942.jpg
6,SHARK/img_00703.jpg
6,SHARK/img_05685.jpg
6,SHARK/img_03241.jpg
6,SHARK/img_01780.jpg
6,SHARK/img_02169.jpg
6,SHARK/img_05504.jpg
6,SHARK/img_02790.jpg
6,SHARK/img_00903.jpg
6,SHARK/img_01546.jpg
6,SHARK/img_01342.jpg
6,SHARK/img_02080.jpg
6,SHARK/img_02478.jpg
6,SHARK/img_02271.jpg
6,SHARK/img_06410.jpg
6,SHARK/img_01986.jpg
6,SHARK/img_06000.jpg
6,SHARK/img_06474.jpg
6,SHARK/img_03521.jpg
6,SHARK/img_04857.jpg
6,SHARK/img_00096.jpg
6,SHARK/img_00033.jpg
6,SHARK/img_01432.jpg
6,SHARK/img_00736.jpg
6,SHARK/img_03353.jpg
6,SHARK/img_03791.jpg
6,SHARK/img_02469.jpg
6,SHARK/img_05873.jpg
6,SHARK/img_06913.jpg
6,SHARK/img_02095.jpg
6,SHARK/img_00560.jpg
6,SHARK/img_05579.jpg
6,SHARK/img_04837.jpg
6,SHARK/img_05126.jpg
6,SHARK/img_00391.jpg
6,SHARK/img_07473.jpg
6,SHARK/img_02260.jpg
6,SHARK/img_01061.jpg
6,SHARK/img_00510.jpg
6,SHARK/img_00365.jpg
6,SHARK/img_07860.jpg
6,SHARK/img_05887.jpg
6,SHARK/img_00265.jpg
6,SHARK/img_06385.jpg
6,SHARK/img_06881.jpg
6,SHARK/img_03385.jpg
6,SHARK/img_00478.jpg
6,SHARK/img_06082.jpg
6,SHARK/img_03976.jpg
6,SHARK/img_00235.jpg
6,SHARK/img_04855.jpg
6,SHARK/img_02088.jpg
6,SHARK/img_06220.jpg
6,SHARK/img_05872.jpg
6,SHARK/img_05249.jpg
6,SHARK/img_02732.jpg
6,SHARK/img_06444.jpg
6,SHARK/img_02288.jpg
6,SHARK/img_04618.jpg
6,SHARK/img_05942.jpg
6,SHARK/img_05231.jpg
6,SHARK/img_01916.jpg
6,SHARK/img_04161.jpg
6,SHARK/img_02987.jpg
6,SHARK/img_01524.jpg
6,SHARK/img_02094.jpg
6,SHARK/img_03170.jpg
6,SHARK/img_05519.jpg
6,SHARK/img_04710.jpg
6,SHARK/img_06821.jpg
6,SHARK/img_05900.jpg
6,SHARK/img_06163.jpg
6,SHARK/img_06493.jpg
6,SHARK/img_06686.jpg
6,SHARK/img_07022.jpg
6,SHARK/img_03962.jpg
6,SHARK/img_02867.jpg
6,SHARK/img_04110.jpg
6,SHARK/img_03525.jpg
6,SHARK/img_06448.jpg
6,SHARK/img_01572.jpg
6,SHARK/img_03712.jpg
6,SHARK/img_04682.jpg
6,SHARK/img_07080.jpg
6,SHARK/img_03168.jpg
6,SHARK/img_05391.jpg
6,SHARK/img_04050.jpg
6,SHARK/img_02624.jpg
6,SHARK/img_06903.jpg
6,SHARK/img_07003.jpg
6,SHARK/img_06537.jpg
6,SHARK/img_02718.jpg
6,SHARK/img_00409.jpg
6,SHARK/img_00427.jpg
6,SHARK/img_06847.jpg
6,SHARK/img_01161.jpg
6,SHARK/img_06590.jpg
6,SHARK/img_02087.jpg
6,SHARK/img_03057.jpg
6,SHARK/img_06303.jpg
6,SHARK/img_03983.jpg
6,SHARK/img_00247.jpg
6,SHARK/img_07056.jpg
6,SHARK/img_01406.jpg
6,SHARK/img_07498.jpg
7,YFT/img_04952.jpg
7,YFT/img_02150.jpg
7,YFT/img_02295.jpg
7,YFT/img_00696.jpg
7,YFT/img_03340.jpg
7,YFT/img_07388.jpg
7,YFT/img_01783.jpg
7,YFT/img_06228.jpg
7,YFT/img_02067.jpg
7,YFT/img_03779.jpg
7,YFT/img_07602.jpg
7,YFT/img_02411.jpg
7,YFT/img_05174.jpg
7,YFT/img_02673.jpg
7,YFT/img_02962.jpg
7,YFT/img_03505.jpg
7,YFT/img_05108.jpg
7,YFT/img_04626.jpg
7,YFT/img_00436.jpg
7,YFT/img_00217.jpg
7,YFT/img_05769.jpg
7,YFT/img_04096.jpg
7,YFT/img_04049.jpg
7,YFT/img_04472.jpg
7,YFT/img_07761.jpg
7,YFT/img_03540.jpg
7,YFT/img_00333.jpg
7,YFT/img_04594.jpg
7,YFT/img_01190.jpg
7,YFT/img_02990.jpg
7,YFT/img_06567.jpg
7,YFT/img_01718.jpg
7,YFT/img_03755.jpg
7,YFT/img_03157.jpg
7,YFT/img_00184.jpg
7,YFT/img_05066.jpg
7,YFT/img_01972.jpg
7,YFT/img_03253.jpg
7,YFT/img_03217.jpg
7,YFT/img_03127.jpg
7,YFT/img_04632.jpg
7,YFT/img_01292.jpg
7,YFT/img_00827.jpg
7,YFT/img_00404.jpg
7,YFT/img_06599.jpg
7,YFT/img_00997.jpg
7,YFT/img_04097.jpg
7,YFT/img_04317.jpg
7,YFT/img_05729.jpg
7,YFT/img_06415.jpg
7,YFT/img_07287.jpg
7,YFT/img_01329.jpg
7,YFT/img_07911.jpg
7,YFT/img_02450.jpg
7,YFT/img_01113.jpg
7,YFT/img_04756.jpg
7,YFT/img_04759.jpg
7,YFT/img_00806.jpg
7,YFT/img_02785.jpg
7,YFT/img_03004.jpg
7,YFT/img_06053.jpg
7,YFT/img_04230.jpg
7,YFT/img_02493.jpg
7,YFT/img_04392.jpg
7,YFT/img_07562.jpg
7,YFT/img_07577.jpg
7,YFT/img_01709.jpg
7,YFT/img_03856.jpg
7,YFT/img_02220.jpg
7,YFT/img_06132.jpg
7,YFT/img_01606.jpg
7,YFT/img_05417.jpg
7,YFT/img_02968.jpg
7,YFT/img_04947.jpg
7,YFT/img_05245.jpg
7,YFT/img_07530.jpg
7,YFT/img_07067.jpg
7,YFT/img_07055.jpg
7,YFT/img_03649.jpg
7,YFT/img_00061.jpg
7,YFT/img_07119.jpg
7,YFT/img_01270.jpg
7,YFT/img_07472.jpg
7,YFT/img_04087.jpg
7,YFT/img_02438.jpg
7,YFT/img_00477.jpg
7,YFT/img_00287.jpg
7,YFT/img_05329.jpg
7,YFT/img_05307.jpg
7,YFT/img_00137.jpg
7,YFT/img_07588.jpg
7,YFT/img_02225.jpg
7,YFT/img_06650.jpg
7,YFT/img_03938.jpg
7,YFT/img_07368.jpg
7,YFT/img_03782.jpg
7,YFT/img_04801.jpg
7,YFT/img_03276.jpg
7,YFT/img_05644.jpg
7,YFT/img_07427.jpg
7,YFT/img_06592.jpg
7,YFT/img_01842.jpg
7,YFT/img_02905.jpg
7,YFT/img_05574.jpg
7,YFT/img_06079.jpg
7,YFT/img_05737.jpg
7,YFT/img_02463.jpg
7,YFT/img_04573.jpg
7,YFT/img_04768.jpg
7,YFT/img_06824.jpg
7,YFT/img_01498.jpg
7,YFT/img_07261.jpg
7,YFT/img_06988.jpg
7,YFT/img_07535.jpg
7,YFT/img_01429.jpg
7,YFT/img_05116.jpg
7,YFT/img_02986.jpg
7,YFT/img_05451.jpg
7,YFT/img_04367.jpg
7,YFT/img_01410.jpg
7,YFT/img_00969.jpg
7,YFT/img_02121.jpg
7,YFT/img_02917.jpg
7,YFT/img_05632.jpg
7,YFT/img_04444.jpg
7,YFT/img_02845.jpg
7,YFT/img_02111.jpg
7,YFT/img_06464.jpg
7,YFT/img_07648.jpg
7,YFT/img_04738.jpg
7,YFT/img_03948.jpg
7,YFT/img_05170.jpg
7,YFT/img_07340.jpg
7,YFT/img_04668.jpg
7,YFT/img_03911.jpg
7,YFT/img_06481.jpg
7,YFT/img_03096.jpg
7,YFT/img_04488.jpg
7,YFT/img_00439.jpg
7,YFT/img_02311.jpg
7,YFT/img_06027.jpg
7,YFT/img_07017.jpg
7,YFT/img_03514.jpg
7,YFT/img_07400.jpg
7,YFT/img_02364.jpg
7,YFT/img_00052.jpg
7,YFT/img_01898.jpg
7,YFT/img_02897.jpg
7,YFT/img_02075.jpg
7,YFT/img_02053.jpg
7,YFT/img_06666.jpg
7,YFT/img_05495.jpg
7,YFT/img_06452.jpg
7,YFT/img_06822.jpg
7,YFT/img_01403.jpg
7,YFT/img_06771.jpg
7,YFT/img_02365.jpg
7,YFT/img_00896.jpg
7,YFT/img_03015.jpg
7,YFT/img_02863.jpg
7,YFT/img_06196.jpg
7,YFT/img_03756.jpg
7,YFT/img_03657.jpg
7,YFT/img_06593.jpg
7,YFT/img_00539.jpg
7,YFT/img_06765.jpg
7,YFT/img_02219.jpg
7,YFT/img_06925.jpg
7,YFT/img_06487.jpg
7,YFT/img_01076.jpg
7,YFT/img_00891.jpg
7,YFT/img_00769.jpg
7,YFT/img_03622.jpg
7,YFT/img_00704.jpg
7,YFT/img_03950.jpg
7,YFT/img_00284.jpg
7,YFT/img_02505.jpg
7,YFT/img_02199.jpg
7,YFT/img_03567.jpg
7,YFT/img_06660.jpg
7,YFT/img_06085.jpg
7,YFT/img_03430.jpg
7,YFT/img_02515.jpg
7,YFT/img_00092.jpg
7,YFT/img_04355.jpg
7,YFT/img_04533.jpg
7,YFT/img_05282.jpg
7,YFT/img_01532.jpg
7,YFT/img_07431.jpg
7,YFT/img_03675.jpg
7,YFT/img_03266.jpg
7,YFT/img_06145.jpg
7,YFT/img_04473.jpg
7,YFT/img_03590.jpg
7,YFT/img_07555.jpg
7,YFT/img_02730.jpg
7,YFT/img_07107.jpg
7,YFT/img_04280.jpg
7,YFT/img_03568.jpg
7,YFT/img_04331.jpg
7,YFT/img_07541.jpg
7,YFT/img_01064.jpg
7,YFT/img_03007.jpg
7,YFT/img_00738.jpg
7,YFT/img_00253.jpg
7,YFT/img_03388.jpg
7,YFT/img_01829.jpg
7,YFT/img_04381.jpg
7,YFT/img_05695.jpg
7,YFT/img_01340.jpg
7,YFT/img_00139.jpg
7,YFT/img_06407.jpg
7,YFT/img_07273.jpg
7,YFT/img_03819.jpg
7,YFT/img_04551.jpg
7,YFT/img_04908.jpg
7,YFT/img_03651.jpg
7,YFT/img_05024.jpg
7,YFT/img_02525.jpg
7,YFT/img_05014.jpg
7,YFT/img_03086.jpg
7,YFT/img_05655.jpg
7,YFT/img_04373.jpg
7,YFT/img_07665.jpg
7,YFT/img_00743.jpg
7,YFT/img_01573.jpg
7,YFT/img_02427.jpg
7,YFT/img_05302.jpg
7,YFT/img_01087.jpg
7,YFT/img_04526.jpg
7,YFT/img_04912.jpg
7,YFT/img_07095.jpg
7,YFT/img_06635.jpg
7,YFT/img_06138.jpg
7,YFT/img_01535.jpg
7,YFT/img_07130.jpg
7,YFT/img_04077.jpg
7,YFT/img_01938.jpg
7,YFT/img_05400.jpg
7,YFT/img_01335.jpg
7,YFT/img_06094.jpg
7,YFT/img_05088.jpg
7,YFT/img_07644.jpg
7,YFT/img_05143.jpg
7,YFT/img_01472.jpg
7,YFT/img_02038.jpg
7,YFT/img_02713.jpg
7,YFT/img_02262.jpg
7,YFT/img_06434.jpg
7,YFT/img_05477.jpg
7,YFT/img_05333.jpg
7,YFT/img_02884.jpg
7,YFT/img_00021.jpg
7,YFT/img_03480.jpg
7,YFT/img_02721.jpg
7,YFT/img_07290.jpg
7,YFT/img_01156.jpg
7,YFT/img_07275.jpg
7,YFT/img_04113.jpg
7,YFT/img_00566.jpg
7,YFT/img_03081.jpg
7,YFT/img_04021.jpg
7,YFT/img_07109.jpg
7,YFT/img_07116.jpg
7,YFT/img_00214.jpg
7,YFT/img_05128.jpg
7,YFT/img_03460.jpg
7,YFT/img_02351.jpg
7,YFT/img_04859.jpg
7,YFT/img_06782.jpg
7,YFT/img_04267.jpg
7,YFT/img_06625.jpg
7,YFT/img_00222.jpg
7,YFT/img_02918.jpg
7,YFT/img_00093.jpg
7,YFT/img_00540.jpg
7,YFT/img_00118.jpg
7,YFT/img_03183.jpg
7,YFT/img_00572.jpg
7,YFT/img_04394.jpg
7,YFT/img_01712.jpg
7,YFT/img_01375.jpg
7,YFT/img_03065.jpg
7,YFT/img_02278.jpg
7,YFT/img_01370.jpg
7,YFT/img_07854.jpg
7,YFT/img_01721.jpg
7,YFT/img_01385.jpg
7,YFT/img_02218.jpg
7,YFT/img_06198.jpg
7,YFT/img_02387.jpg
7,YFT/img_05667.jpg
7,YFT/img_05171.jpg
7,YFT/img_00279.jpg
7,YFT/img_05628.jpg
7,YFT/img_00238.jpg
7,YFT/img_00968.jpg
7,YFT/img_01784.jpg
7,YFT/img_05787.jpg
7,YFT/img_06418.jpg
7,YFT/img_04281.jpg
7,YFT/img_04255.jpg
7,YFT/img_05816.jpg
7,YFT/img_02104.jpg
7,YFT/img_00023.jpg
7,YFT/img_01848.jpg
7,YFT/img_03062.jpg
7,YFT/img_04646.jpg
7,YFT/img_06406.jpg
7,YFT/img_05183.jpg
7,YFT/img_04558.jpg
7,YFT/img_02485.jpg
7,YFT/img_01199.jpg
7,YFT/img_02308.jpg
7,YFT/img_04628.jpg
7,YFT/img_02853.jpg
7,YFT/img_02712.jpg
7,YFT/img_02500.jpg
7,YFT/img_00641.jpg
7,YFT/img_02787.jpg
7,YFT/img_02592.jpg
7,YFT/img_01959.jpg
7,YFT/img_07286.jpg
7,YFT/img_04041.jpg
7,YFT/img_05370.jpg
7,YFT/img_00298.jpg
7,YFT/img_02055.jpg
7,YFT/img_04148.jpg
7,YFT/img_00801.jpg
7,YFT/img_01973.jpg
7,YFT/img_04224.jpg
7,YFT/img_07852.jpg
7,YFT/img_05744.jpg
7,YFT/img_03721.jpg
7,YFT/img_03313.jpg
7,YFT/img_01727.jpg
7,YFT/img_06428.jpg
7,YFT/img_00958.jpg
7,YFT/img_00194.jpg
7,YFT/img_07510.jpg
7,YFT/img_00925.jpg
7,YFT/img_06500.jpg
7,YFT/img_00694.jpg
7,YFT/img_05633.jpg
7,YFT/img_00803.jpg
7,YFT/img_06576.jpg
7,YFT/img_06569.jpg
7,YFT/img_03485.jpg
7,YFT/img_07782.jpg
7,YFT/img_03185.jpg
7,YFT/img_07742.jpg
7,YFT/img_06234.jpg
7,YFT/img_00522.jpg
7,YFT/img_07233.jpg
7,YFT/img_05060.jpg
7,YFT/img_01143.jpg
7,YFT/img_01861.jpg
7,YFT/img_06326.jpg
7,YFT/img_03787.jpg
7,YFT/img_01007.jpg
7,YFT/img_05380.jpg
7,YFT/img_07613.jpg
7,YFT/img_05036.jpg
7,YFT/img_01704.jpg
7,YFT/img_07765.jpg
7,YFT/img_02258.jpg
7,YFT/img_07429.jpg
7,YFT/img_03437.jpg
7,YFT/img_05041.jpg
7,YFT/img_05913.jpg
7,YFT/img_06154.jpg
7,YFT/img_07072.jpg
7,YFT/img_00440.jpg
7,YFT/img_04083.jpg
7,YFT/img_03753.jpg
7,YFT/img_01201.jpg
7,YFT/img_05892.jpg
7,YFT/img_06769.jpg
7,YFT/img_00955.jpg
7,YFT/img_07466.jpg
7,YFT/img_07569.jpg
7,YFT/img_01769.jpg
7,YFT/img_00506.jpg
7,YFT/img_04420.jpg
7,YFT/img_06672.jpg
7,YFT/img_00004.jpg
7,YFT/img_03160.jpg
7,YFT/img_03654.jpg
7,YFT/img_00362.jpg
7,YFT/img_01662.jpg
7,YFT/img_01625.jpg
7,YFT/img_02958.jpg
7,YFT/img_07499.jpg
7,YFT/img_06763.jpg
7,YFT/img_01521.jpg
7,YFT/img_06271.jpg
7,YFT/img_05680.jpg
7,YFT/img_02633.jpg
7,YFT/img_01742.jpg
7,YFT/img_07061.jpg
7,YFT/img_04217.jpg
7,YFT/img_00221.jpg
7,YFT/img_04942.jpg
7,YFT/img_04120.jpg
7,YFT/img_06404.jpg
7,YFT/img_05407.jpg
7,YFT/img_01623.jpg
7,YFT/img_04817.jpg
7,YFT/img_00815.jpg
7,YFT/img_01301.jpg
7,YFT/img_04082.jpg
7,YFT/img_04591.jpg
7,YFT/img_02809.jpg
7,YFT/img_02368.jpg
7,YFT/img_03710.jpg
7,YFT/img_07226.jpg
7,YFT/img_07655.jpg
7,YFT/img_07276.jpg
7,YFT/img_01539.jpg
7,YFT/img_07571.jpg
7,YFT/img_05152.jpg
7,YFT/img_04159.jpg
7,YFT/img_07395.jpg
7,YFT/img_02579.jpg
7,YFT/img_04249.jpg
7,YFT/img_00420.jpg
7,YFT/img_01817.jpg
7,YFT/img_01974.jpg
7,YFT/img_04730.jpg
7,YFT/img_03407.jpg
7,YFT/img_00437.jpg
7,YFT/img_00313.jpg
7,YFT/img_06054.jpg
7,YFT/img_07069.jpg
7,YFT/img_07731.jpg
7,YFT/img_06687.jpg
7,YFT/img_01840.jpg
7,YFT/img_06819.jpg
7,YFT/img_07025.jpg
7,YFT/img_04977.jpg
7,YFT/img_00114.jpg
7,YFT/img_01749.jpg
7,YFT/img_07166.jpg
7,YFT/img_03668.jpg
7,YFT/img_01518.jpg
7,YFT/img_00470.jpg
7,YFT/img_00069.jpg
7,YFT/img_01008.jpg
7,YFT/img_06509.jpg
7,YFT/img_07315.jpg
7,YFT/img_06841.jpg
7,YFT/img_07341.jpg
7,YFT/img_07759.jpg
7,YFT/img_04868.jpg
7,YFT/img_02149.jpg
7,YFT/img_07849.jpg
7,YFT/img_05786.jpg
7,YFT/img_06724.jpg
7,YFT/img_05414.jpg
7,YFT/img_04316.jpg
7,YFT/img_00535.jpg
7,YFT/img_02597.jpg
7,YFT/img_06754.jpg
7,YFT/img_03947.jpg
7,YFT/img_05783.jpg
7,YFT/img_00778.jpg
7,YFT/img_05102.jpg
7,YFT/img_02516.jpg
7,YFT/img_06316.jpg
7,YFT/img_00573.jpg
7,YFT/img_03963.jpg
7,YFT/img_02707.jpg
7,YFT/img_03596.jpg
7,YFT/img_06092.jpg
7,YFT/img_07750.jpg
7,YFT/img_07714.jpg
7,YFT/img_02179.jpg
7,YFT/img_03477.jpg
7,YFT/img_07752.jpg
7,YFT/img_07891.jpg
7,YFT/img_05903.jpg
7,YFT/img_02457.jpg
7,YFT/img_05478.jpg
7,YFT/img_02221.jpg
7,YFT/img_03898.jpg
7,YFT/img_06374.jpg
7,YFT/img_04765.jpg
7,YFT/img_02690.jpg
7,YFT/img_05781.jpg
7,YFT/img_03035.jpg
7,YFT/img_00900.jpg
7,YFT/img_04241.jpg
7,YFT/img_06486.jpg
7,YFT/img_02748.jpg
7,YFT/img_04936.jpg
7,YFT/img_02756.jpg
7,YFT/img_00286.jpg
7,YFT/img_02173.jpg
7,YFT/img_00047.jpg
7,YFT/img_04429.jpg
7,YFT/img_07208.jpg
7,YFT/img_07369.jpg
7,YFT/img_03400.jpg
7,YFT/img_07024.jpg
7,YFT/img_01372.jpg
7,YFT/img_00677.jpg
7,YFT/img_05347.jpg
7,YFT/img_03063.jpg
7,YFT/img_03046.jpg
7,YFT/img_03242.jpg
7,YFT/img_01886.jpg
7,YFT/img_03824.jpg
7,YFT/img_07517.jpg
7,YFT/img_05656.jpg
7,YFT/img_00378.jpg
7,YFT/img_07712.jpg
7,YFT/img_04236.jpg
7,YFT/img_01217.jpg
7,YFT/img_07653.jpg
7,YFT/img_01808.jpg
7,YFT/img_07038.jpg
7,YFT/img_06152.jpg
7,YFT/img_06323.jpg
7,YFT/img_03939.jpg
7,YFT/img_00370.jpg
7,YFT/img_03121.jpg
7,YFT/img_05965.jpg
7,YFT/img_01658.jpg
7,YFT/img_01767.jpg
7,YFT/img_04802.jpg
7,YFT/img_06846.jpg
7,YFT/img_06048.jpg
7,YFT/img_03372.jpg
7,YFT/img_06304.jpg
7,YFT/img_06980.jpg
7,YFT/img_02562.jpg
7,YFT/img_02919.jpg
7,YFT/img_05172.jpg
7,YFT/img_00501.jpg
7,YFT/img_01634.jpg
7,YFT/img_00372.jpg
7,YFT/img_03607.jpg
7,YFT/img_01368.jpg
7,YFT/img_06729.jpg
7,YFT/img_06289.jpg
7,YFT/img_04516.jpg
7,YFT/img_06364.jpg
7,YFT/img_06072.jpg
7,YFT/img_00250.jpg
7,YFT/img_01233.jpg
7,YFT/img_00796.jpg
7,YFT/img_01854.jpg
7,YFT/img_06898.jpg
7,YFT/img_02585.jpg
7,YFT/img_03558.jpg
7,YFT/img_02642.jpg
7,YFT/img_03211.jpg
7,YFT/img_06858.jpg
7,YFT/img_01700.jpg
7,YFT/img_02274.jpg
7,YFT/img_04208.jpg
7,YFT/img_01358.jpg
7,YFT/img_06600.jpg
7,YFT/img_00807.jpg
7,YFT/img_05765.jpg
7,YFT/img_05048.jpg
7,YFT/img_04319.jpg
7,YFT/img_02858.jpg
7,YFT/img_05321.jpg
7,YFT/img_02652.jpg
7,YFT/img_05708.jpg
7,YFT/img_03136.jpg
7,YFT/img_07775.jpg
7,YFT/img_06535.jpg
7,YFT/img_05506.jpg
7,YFT/img_01456.jpg
7,YFT/img_03560.jpg
7,YFT/img_01876.jpg
7,YFT/img_00872.jpg
7,YFT/img_05975.jpg
7,YFT/img_01469.jpg
7,YFT/img_06417.jpg
7,YFT/img_05926.jpg
7,YFT/img_02014.jpg
7,YFT/img_03327.jpg
7,YFT/img_04302.jpg
7,YFT/img_00536.jpg
7,YFT/img_06226.jpg
7,YFT/img_02371.jpg
7,YFT/img_05676.jpg
7,YFT/img_05592.jpg
7,YFT/img_02449.jpg
7,YFT/img_05706.jpg
7,YFT/img_04273.jpg
7,YFT/img_07338.jpg
7,YFT/img_01254.jpg
7,YFT/img_04467.jpg
7,YFT/img_01747.jpg
7,YFT/img_01610.jpg
7,YFT/img_06897.jpg
7,YFT/img_06854.jpg
7,YFT/img_07462.jpg
7,YFT/img_04627.jpg
7,YFT/img_00116.jpg
7,YFT/img_01241.jpg
7,YFT/img_04684.jpg
7,YFT/img_02559.jpg
7,YFT/img_07610.jpg
7,YFT/img_05669.jpg
7,YFT/img_01779.jpg
7,YFT/img_01235.jpg
7,YFT/img_06919.jpg
7,YFT/img_03585.jpg
7,YFT/img_05460.jpg
7,YFT/img_04911.jpg
7,YFT/img_00680.jpg
7,YFT/img_03094.jpg
7,YFT/img_05395.jpg
7,YFT/img_07624.jpg
7,YFT/img_04825.jpg
7,YFT/img_07706.jpg
7,YFT/img_03100.jpg
7,YFT/img_03325.jpg
7,YFT/img_00312.jpg
7,YFT/img_04292.jpg
7,YFT/img_04469.jpg
7,YFT/img_03244.jpg
7,YFT/img_01516.jpg
7,YFT/img_05323.jpg
7,YFT/img_04918.jpg
7,YFT/img_06339.jpg
7,YFT/img_07609.jpg
7,YFT/img_03968.jpg
7,YFT/img_04688.jpg
7,YFT/img_06146.jpg
7,YFT/img_02626.jpg
7,YFT/img_03541.jpg
7,YFT/img_07403.jpg
7,YFT/img_05837.jpg
7,YFT/img_05624.jpg
7,YFT/img_01308.jpg
7,YFT/img_03464.jpg
7,YFT/img_07595.jpg
7,YFT/img_00739.jpg
7,YFT/img_06971.jpg
7,YFT/img_05166.jpg
7,YFT/img_00890.jpg
7,YFT/img_07828.jpg
7,YFT/img_05774.jpg
7,YFT/img_07217.jpg
7,YFT/img_04698.jpg
7,YFT/img_06805.jpg
7,YFT/img_00647.jpg
7,YFT/img_05097.jpg
7,YFT/img_02247.jpg
7,YFT/img_06262.jpg
7,YFT/img_07513.jpg
7,YFT/img_04694.jpg
7,YFT/img_04046.jpg
7,YFT/img_02255.jpg
